WEEK STARTING,hedge,dividend,earnings,inflation,markets,bonds,debt,financial markets,gains,investment,growth,derivatives,crisis,unemployment,banking,dow jones,economy,stocks,economics,invest,profit,leverage,risk,revenue,nasdaq,metals,politics,consumption,cash,finance,portfolio,conflict,oil,fed,gain,short selling,energy,credit,loss,stock market,transaction,housing,nyse,success,bubble,trader,environment,greed,opportunity,money,sell,returns,society,chance,present,world,rich,war,return,crash,freedom,office,headlines,house,culture,arts,buy,ore,food,tourism,holiday,health,train,fine,gold,marriage,water,cancer,car,travel,happy,forex,restaurant,default,ring,lifestyle,labor,fond,religion,rare earths,home,kitchen,garden,fun,movie,consume,short sell,color,Vol.,Price
19/10/2014,45,37,56,61,62,28,57,20,38,80,88,84,41,67,77,4,60,57,64,41,69,74,83,59,29,84,30,81,75,69,81,69,65,39,77,58,73,41,70,20,59,80,27,77,75,93,75,33,50,66,83,20,95,62,42,14,43,33,48,18,64,44,26,82,52,80,86,15,73,86,42,76,79,51,45,52,52,72,68,63,45,52,78,92,53,99,50,44,61,0,73,67,31,84,63,54,24,55,4.16B,6546.47
26/10/2014,47,40,57,49,63,29,54,21,40,86,77,86,39,57,87,5,50,52,56,39,67,88,79,58,31,65,26,73,77,65,77,59,63,40,76,34,65,42,72,16,62,80,24,82,71,89,61,42,39,65,84,22,96,60,43,14,40,33,49,20,71,42,25,86,100,73,93,12,71,64,40,68,81,52,50,49,52,54,72,60,48,56,81,92,56,93,48,42,52,15,74,69,34,87,72,44,46,57,3.86B,6567.24
02/11/2014,43,36,56,62,71,61,66,22,36,81,87,72,44,83,81,4,54,57,72,42,76,63,85,58,27,100,33,77,73,65,81,79,65,39,73,57,78,42,71,15,67,83,36,85,71,88,75,50,48,66,80,21,99,56,51,15,72,42,46,19,79,42,28,81,61,77,89,15,72,93,39,76,75,50,49,52,53,54,67,58,38,51,76,90,56,100,49,37,62,19,76,66,31,82,62,54,36,55,3.39B,6654.37
09/11/2014,44,41,55,73,84,30,58,27,41,86,86,92,45,80,77,3,58,53,72,43,86,64,89,61,30,91,35,83,76,64,82,80,65,41,74,39,79,42,71,17,62,82,31,88,71,87,84,60,47,68,78,21,96,61,57,16,83,54,43,20,81,42,26,80,61,78,88,17,74,86,35,75,76,52,50,49,53,55,66,57,39,64,79,87,58,97,49,36,68,9,79,65,31,84,62,53,36,56,3.48B,6750.76
16/11/2014,41,40,61,75,89,30,61,21,40,86,90,65,48,73,82,4,59,57,70,48,81,67,93,62,36,94,33,85,76,63,83,76,65,43,74,76,76,43,68,23,58,83,24,84,72,86,82,66,44,67,81,21,95,60,63,15,46,39,46,23,76,41,29,80,54,79,88,16,73,87,34,76,74,52,51,51,53,56,66,56,38,51,77,93,63,94,49,39,66,10,78,67,32,83,60,47,32,54,3.53B,6722.62
23/11/2014,39,36,54,65,79,27,55,20,36,82,84,69,45,78,96,3,58,58,66,41,74,57,83,59,26,82,29,78,74,60,82,68,66,36,66,72,69,40,62,25,61,76,38,82,71,82,73,85,46,68,76,23,90,57,67,18,39,31,44,17,70,42,26,84,50,72,89,16,70,75,31,70,71,48,55,45,50,50,65,52,37,44,72,92,65,92,41,35,58,0,77,62,32,81,58,37,64,52,3.47B,6742.84
30/11/2014,35,38,49,73,74,51,64,19,43,80,85,74,51,77,100,3,63,49,68,39,80,66,86,60,25,89,30,83,75,58,83,74,72,40,71,24,71,41,63,21,69,78,29,85,69,81,76,85,43,66,76,24,90,64,81,14,37,31,48,21,70,44,29,81,49,75,93,15,69,79,30,69,70,51,56,46,51,50,67,51,37,50,73,86,65,87,51,34,61,9,76,58,35,83,60,60,36,55,3.71B,6300.63
07/12/2014,37,35,50,65,66,39,55,23,36,79,78,74,51,78,82,5,57,61,65,41,76,65,83,57,30,88,30,94,73,55,80,74,73,46,70,40,70,40,64,24,65,76,19,84,73,82,70,93,45,67,76,24,88,64,86,13,42,31,46,22,69,48,29,82,48,73,91,16,74,78,30,69,71,51,56,47,52,49,64,54,41,50,75,88,67,83,63,47,61,10,78,58,34,86,62,39,25,55,4.92B,6545.27
14/12/2014,39.1,38,47,70,58,31,53,17,32,69,72,51,55,68,88,6,53,100,52,45,70,48,70,56,28,69,25,94,73,54,76,56,75,51,68,35,62,40,61,30,68,73,44,71,72,79,61,90,41,66,76,24,82,64,86,14,40,29,49,18,68,46,27,82,41,67,92,14,74,57,35,64,72,52,55,49,47,49,64,51,48,57,74,90,69,77,49,33,59,10,75,57,32,83,68,36,22,53,1.15B,6609.93
21/12/2014,38,24,36,38,33,23,29,8,27,45,55,28,41,36,75,3,36,60,27,35,38,44,41,33,25,33,14,73,68,39,39,35,60,32,61,29,36,31,62,25,38,45,23,42,89,75,26,73,34,60,67,31,57,60,58,15,37,28,45,43,55,43,25,80,27,45,88,14,65,36,41,43,69,40,54,44,43,40,62,55,52,42,62,77,72,65,46,35,59,0,79,56,30,73,95,44,15,46,1.22B,6547.8
28/12/2014,49,29,46,39,23,47,41,16,33,51,63,36,43,42,82,3,40,64,34,47,43,37,46,41,23,51,18,70,74,53,56,46,68,34,79,33,46,40,86,26,39,59,20,58,79,88,34,61,28,72,86,34,72,62,31,17,40,31,57,30,65,37,29,86,29,57,91,14,68,53,63,54,71,45,51,58,52,46,76,70,90,43,79,70,70,87,48,42,52,0,77,73,32,81,97,34,40,49,3.92B,6501.14
04/01/2015,42,47,60,74,26,71,58,21,46,82,85,61,55,74,78,5,56,61,67,50,80,66,81,72,25,87,30,83,72,68,83,73,78,41,95,25,73,45,100,24,58,89,31,82,68,90,75,42,47,73,82,28,94,56,35,16,50,29,67,22,85,44,33,83,46,76,89,14,72,84,68,80,65,47,46,61,57,50,74,82,37,57,68,90,59,98,54,37,75,15,74,67,29,79,68,49,19,51,4.16B,6550.27
11/01/2015,42.1,47,63,98,29,100,60,17,52,87,89,75,49,76,76,4,64,60,78,49,84,55,86,77,30,91,33,90,76,65,90,71,82,37,87,45,78,44,88,21,60,89,33,88,72,95,78,53,49,72,82,25,95,56,36,15,46,30,66,21,92,52,27,84,49,80,90,15,74,91,66,80,68,49,49,55,58,54,74,83,36,61,73,92,57,91,47,45,78,9,73,67,29,81,70,48,60,55,3.94B,6832.83
18/01/2015,43.1,49,66,78,30,70,61,23,58,91,92,76,49,100,79,5,63,66,70,53,75,50,86,81,33,98,31,88,76,65,93,79,82,39,87,37,79,45,84,22,68,91,42,88,67,99,75,51,47,78,82,24,97,60,37,15,48,31,70,23,79,48,29,84,48,75,89,15,74,90,59,84,66,50,49,56,59,60,76,79,37,70,77,92,59,92,44,51,68,9,74,69,31,81,68,51,27,56,3.72B,6749.4
25/01/2015,40,53,78,70,27,42,73,21,59,89,95,74,46,85,83,5,60,68,68,55,87,56,82,100,34,94,33,83,73,67,91,79,78,42,85,45,78,45,83,21,68,91,30,83,67,99,72,46,47,77,80,25,93,62,39,14,41,30,89,18,79,53,34,84,46,80,88,15,74,86,57,83,68,49,48,54,58,62,78,81,35,61,76,89,59,95,45,59,66,9,73,68,31,82,66,52,45,56,3.92B,6853.44
01/02/2015,44.1,40,67,71,28,65,69,18,51,84,91,82,46,76,81,4,60,59,65,52,78,48,90,64,29,95,33,81,71,68,86,76,83,48,85,48,80,44,76,20,63,92,34,88,70,99,73,43,50,74,81,21,96,59,38,15,44,29,51,44,74,45,29,83,47,78,86,16,74,87,53,84,68,52,46,55,57,67,79,72,36,56,81,93,63,91,42,44,68,9,73,67,30,85,67,46,46,57,3.67B,6873.52
08/02/2015,47.1,42,54,95,29,57,59,15,50,91,93,84,46,77,76,4,60,61,64,51,80,55,85,66,30,90,31,85,73,67,84,81,82,46,83,38,76,43,80,21,65,88,37,87,68,100,76,49,49,71,81,21,96,56,40,16,44,30,48,30,76,41,28,84,48,80,86,17,77,84,54,83,69,53,47,53,58,60,80,70,46,55,90,93,62,90,49,45,64,9,74,68,34,88,77,43,35,59,3.21B,6915.2
15/02/2015,50,45,55,79,29,40,64,17,52,87,87,70,47,71,64,4,61,67,55,46,71,55,78,57,30,72,29,86,79,64,84,66,79,44,88,21,77,46,79,22,65,89,38,76,66,88,64,46,43,70,84,22,91,57,33,17,45,31,52,24,73,40,28,87,43,77,87,19,72,70,55,77,72,51,47,58,57,57,81,71,40,55,82,100,61,88,48,42,52,19,75,73,37,87,85,40,36,59,3.99B,6946.66
22/02/2015,44.2,69,61,75,29,37,61,15,53,92,93,80,47,76,67,4,61,64,69,50,84,58,86,60,40,95,36,89,77,70,88,89,78,40,89,43,83,44,82,20,60,86,28,89,68,83,77,43,51,71,80,19,95,56,38,17,40,30,49,21,78,42,26,87,52,80,87,16,74,90,53,82,71,52,100,60,59,56,81,68,35,55,76,90,58,85,54,44,64,13,73,68,35,83,68,58,38,100,3.97B,6911.8
01/03/2015,50.1,58,65,78,28,66,60,26,47,90,95,73,48,88,72,5,63,65,64,48,84,60,89,68,35,96,36,78,80,67,85,80,76,45,92,52,81,44,88,20,62,90,31,89,68,82,75,42,49,71,80,20,96,55,39,18,43,30,52,23,78,42,33,86,53,80,88,16,81,93,53,81,69,55,64,58,59,55,83,69,38,60,76,87,56,94,48,41,60,18,72,66,40,86,65,55,31,79,3.98B,6740.58
08/03/2015,49.1,46,60,73,31,36,60,24,47,91,97,63,48,94,69,4,61,62,69,47,85,47,90,67,33,98,34,88,77,71,85,83,76,41,89,23,79,44,82,19,65,87,32,99,66,81,76,51,47,76,82,18,96,57,39,16,43,29,48,28,75,42,29,85,54,88,86,14,76,90,53,80,67,50,69,57,59,55,78,69,38,57,78,89,56,86,52,41,60,13,73,66,44,83,64,53,34,63,4.58B,7022.51
15/03/2015,52,52,58,83,29,36,67,20,57,94,95,81,45,94,68,4,60,65,67,54,79,67,87,66,31,92,39,83,86,74,87,82,77,50,87,20,78,43,82,21,56,93,27,86,70,80,80,38,52,73,81,22,100,59,38,16,45,29,53,18,76,41,30,83,48,80,91,16,73,98,55,81,67,51,47,55,60,54,78,68,46,55,78,91,55,92,50,39,65,9,74,65,44,87,67,50,17,59,3.81B,6855.02
22/03/2015,60,43,58,90,28,32,60,17,53,89,87,77,47,79,74,4,58,60,66,52,77,59,82,64,28,93,36,86,80,74,88,75,76,39,83,34,75,44,80,20,66,87,31,89,69,79,76,32,49,71,78,20,97,56,37,16,45,29,50,95,78,43,34,83,50,76,85,16,75,90,58,81,71,52,47,55,61,54,80,70,38,54,77,88,55,83,52,50,63,0,74,65,50,89,66,53,33,61,2.99B,6833.46
29/03/2015,53,45,55,54,28,48,61,19,51,80,77,63,39,66,84,4,49,71,55,49,63,46,68,58,23,63,41,63,86,68,71,51,73,37,83,27,62,42,77,18,64,82,27,68,71,76,54,34,37,74,79,23,89,55,33,16,46,28,49,37,72,45,29,84,39,68,84,16,74,70,74,69,81,50,49,56,60,50,86,71,43,55,81,78,57,83,51,40,59,0,77,69,50,95,78,37,44,57,3.17B,7089.77
05/04/2015,60.1,42,61,56,31,37,55,16,46,80,74,65,38,58,76,4,47,69,52,46,57,62,65,60,28,60,36,75,86,69,71,56,82,43,86,34,58,41,82,20,63,80,38,70,68,75,52,35,42,71,78,23,89,58,29,14,44,27,53,24,65,40,25,84,38,59,84,17,68,60,78,66,79,49,49,58,63,49,82,66,40,52,79,81,55,84,51,48,52,0,73,63,73,90,78,50,54,58,3.62B,6994.63
12/04/2015,56,42,71,75,30,32,64,20,52,87,87,64,40,84,77,4,52,65,68,45,78,55,88,73,29,84,48,88,83,78,83,74,80,44,91,30,69,45,87,20,62,92,30,93,69,78,71,32,50,76,78,23,95,57,34,14,43,27,55,22,71,43,26,84,48,71,86,18,71,82,63,78,76,52,49,58,63,55,79,70,35,54,74,92,58,81,58,42,59,9,72,64,63,87,65,46,12,57,3.64B,7070.7
19/04/2015,61,43,76,77,30,32,67,17,44,88,91,78,48,86,78,4,60,62,84,52,92,63,92,77,40,88,49,85,77,77,92,81,78,51,91,32,75,46,91,22,64,89,29,89,67,80,76,38,49,74,80,22,97,53,39,15,48,30,54,22,75,45,26,88,53,75,84,17,74,93,65,82,74,51,49,59,66,56,81,71,36,56,76,94,59,82,62,38,62,19,70,62,65,86,61,45,59,60,4.11B,6985.95
26/04/2015,56.1,44,79,71,30,38,61,17,43,85,87,69,44,83,76,4,56,65,84,46,84,67,87,82,37,86,50,83,76,75,89,71,75,45,86,26,70,45,79,21,67,86,36,90,70,77,75,41,52,79,77,22,95,56,40,15,65,30,54,19,76,48,31,87,50,73,85,16,75,92,72,76,73,50,50,62,63,60,83,70,35,56,74,89,58,85,67,41,68,0,71,61,54,91,59,53,38,58,4.36B,7046.82
03/05/2015,56.2,45,74,62,32,53,68,23,49,73,87,66,42,94,64,4,60,61,100,43,87,57,81,67,27,76,100,83,74,67,79,72,73,40,87,46,66,43,75,23,58,82,33,84,68,76,67,36,49,77,79,21,84,64,38,14,50,33,54,21,69,43,36,84,48,71,84,17,74,88,91,73,71,49,48,61,60,63,81,68,35,51,72,82,58,79,82,45,62,18,72,64,53,96,63,52,57,60,3.85B,6960.49
10/05/2015,61.1,51,63,63,31,37,65,21,50,87,95,88,44,98,65,4,62,61,99,50,84,71,95,71,29,95,49,80,77,73,91,72,76,47,90,40,71,45,85,18,74,90,34,89,70,78,73,56,48,73,79,21,91,56,39,14,46,31,53,25,75,44,28,88,53,74,83,18,78,100,65,80,75,52,50,65,64,59,81,73,39,58,72,92,57,88,55,39,66,18,71,63,57,95,60,42,43,60,3.51B,7031.72
17/05/2015,65,56,61,96,30,27,58,18,44,82,87,84,36,83,65,3,52,59,83,44,81,56,83,70,28,86,34,77,78,76,84,92,74,47,85,38,68,45,78,16,58,84,37,79,70,77,68,36,43,74,78,25,89,57,37,14,44,29,51,20,73,45,30,87,48,72,84,17,77,88,76,77,86,53,48,100,64,55,83,75,38,62,75,83,54,86,53,31,58,14,74,64,61,100,62,48,31,61,3.20B,6984.43
24/05/2015,69,40,52,46,33,24,50,19,41,72,75,57,37,56,70,3,45,61,49,41,65,55,70,62,29,60,32,73,76,75,78,55,73,39,82,33,60,45,78,17,63,80,29,72,70,74,52,51,39,74,83,31,80,61,32,15,42,28,53,23,68,43,30,90,39,70,88,17,72,63,94,66,83,51,49,68,64,53,86,75,37,60,80,79,59,75,46,45,48,0,74,65,64,99,73,45,64,57,3.92B,6804.6
31/05/2015,65.1,38,53,55,30,46,59,15,51,81,77,60,42,62,70,3,50,56,55,45,82,56,77,71,28,75,36,79,75,73,80,65,73,37,86,32,66,45,80,16,62,87,25,84,71,75,69,36,44,76,81,24,85,59,36,16,41,28,52,80,71,46,34,86,43,76,86,17,73,86,63,75,80,50,48,58,66,57,86,78,35,54,72,84,56,86,49,61,58,9,73,62,56,94,64,38,39,57,3.41B,6784.92
07/06/2015,70,37,53,47,30,28,58,16,92,78,76,63,37,59,72,3,51,58,68,41,74,47,80,68,24,94,28,71,77,71,80,63,73,42,87,21,66,46,78,17,66,86,35,81,68,74,66,38,43,74,79,22,84,56,36,19,44,27,52,47,72,47,28,85,42,75,84,20,74,81,65,75,77,52,46,59,66,54,83,79,35,51,74,88,56,86,46,44,61,9,72,60,60,96,64,44,28,57,4.09B,6710.45
14/06/2015,70.1,33,52,58,30,23,66,12,55,77,77,61,48,66,74,4,52,58,61,47,69,47,77,64,33,76,25,73,77,68,73,61,73,48,84,27,63,44,74,18,67,87,35,88,68,73,70,38,40,79,79,24,84,56,36,19,42,31,51,29,70,46,29,87,49,74,86,17,75,79,65,74,78,51,50,56,68,54,82,81,39,49,76,91,59,80,50,42,67,0,73,60,55,97,64,43,28,55,3.35B,6753.7
21/06/2015,67,32,57,46,30,25,66,12,46,79,74,65,56,52,63,4,53,51,43,44,68,42,80,68,23,72,23,64,76,70,77,57,70,38,87,33,60,47,74,17,63,85,22,78,67,76,66,33,42,79,80,23,83,58,35,17,44,28,51,25,71,48,34,88,43,70,87,16,74,82,71,74,82,52,50,99,67,55,85,87,43,54,77,89,58,81,51,42,62,9,71,61,56,96,65,41,28,55,3.58B,6585.78
28/06/2015,72,34,57,47,32,39,89,20,61,73,70,69,87,52,65,4,52,58,40,41,64,48,85,60,28,66,19,68,77,71,69,55,70,40,85,27,59,45,71,25,58,83,37,69,69,74,56,28,35,84,80,23,81,61,32,16,42,26,50,25,72,52,33,85,41,67,84,18,71,77,71,70,83,48,47,75,78,49,87,91,38,59,73,100,55,83,47,41,67,9,70,58,60,99,64,45,24,54,3.87B,6673.38
05/07/2015,74,100,74,53,36,30,94,14,100,77,74,63,76,55,59,4,53,63,37,42,61,43,78,64,28,57,19,68,80,73,71,50,71,43,83,58,62,52,75,38,63,100,100,71,67,75,53,32,40,88,82,23,80,55,38,16,43,25,51,29,70,47,34,87,40,69,89,16,71,74,74,69,89,49,49,65,68,51,86,90,37,53,74,89,59,82,52,41,56,0,71,61,54,97,67,40,71,55,3.03B,6775.08
12/07/2015,71,54,71,47,31,26,73,15,49,76,74,51,55,50,57,3,49,56,36,48,66,48,71,62,28,57,21,64,80,69,64,48,72,41,83,23,57,49,72,21,58,87,29,78,65,73,53,51,39,86,82,24,78,57,34,15,41,26,51,26,67,46,31,88,36,68,86,16,70,67,76,69,80,49,50,60,65,52,84,84,42,57,77,85,61,75,45,35,54,9,73,63,51,100,73,41,35,54,3.04B,6579.81
19/07/2015,69.1,49,69,45,34,24,55,10,49,77,67,65,33,39,58,3,44,60,30,46,62,42,70,60,33,49,21,66,83,70,74,46,72,40,89,18,56,48,73,17,75,89,23,70,65,74,46,27,38,82,83,26,80,54,32,17,39,25,51,29,69,48,30,90,35,68,88,16,68,59,80,68,79,51,54,60,68,52,86,93,37,57,83,86,61,78,46,37,45,23,75,67,54,99,82,38,44,55,4.02B,6696.28
26/07/2015,64,51,63,44,35,25,54,10,43,74,67,62,38,38,65,3,46,55,29,39,63,56,62,65,31,52,17,62,80,70,64,44,74,40,89,50,55,49,71,25,63,84,21,70,64,72,48,38,37,77,84,24,78,55,35,16,42,24,52,32,68,46,31,89,35,64,90,16,70,59,79,65,80,49,53,55,65,48,88,88,35,54,82,87,60,80,49,33,48,9,76,69,49,97,83,38,51,54,4.34B,6718.49
02/08/2015,68,47,60,43,37,51,50,12,42,73,70,54,39,41,71,3,47,55,30,41,97,42,63,57,30,50,18,60,84,72,65,40,74,43,86,39,54,46,71,19,67,86,29,65,68,74,44,38,37,74,84,25,80,65,31,15,37,24,52,34,64,44,39,88,32,61,90,15,70,61,79,65,85,51,49,56,74,50,86,84,36,55,84,88,60,81,52,42,43,0,75,68,51,95,74,50,52,54,3.92B,6550.74
09/08/2015,70.2,44,55,40,37,26,53,13,44,76,70,59,34,45,70,3,50,52,49,45,63,50,63,51,27,52,23,65,80,81,68,42,75,40,86,26,55,46,73,19,66,86,18,72,67,76,48,30,35,72,83,22,80,79,34,16,39,26,51,28,65,47,32,89,33,63,90,15,69,59,76,68,82,50,49,58,71,49,87,83,36,53,81,92,58,81,53,44,42,37,74,71,48,89,76,37,20,53,3.34B,6187.65
16/08/2015,68.1,40,62,49,42,24,50,13,45,78,68,58,37,43,73,5,46,59,45,41,64,52,66,53,31,47,21,63,80,85,67,44,74,45,79,38,57,45,74,25,60,86,24,72,72,75,48,33,34,71,84,23,81,74,33,16,40,27,51,43,66,46,28,90,35,64,91,15,71,61,75,67,83,56,52,55,66,50,85,81,35,51,81,86,60,79,53,40,44,9,75,69,46,90,76,38,40,56,6.06B,6247.94
23/08/2015,62,44,51,39,49,23,51,26,44,72,69,55,40,38,83,18,55,69,38,47,64,46,60,54,47,49,20,92,76,87,72,44,74,45,77,69,56,44,69,77,61,83,63,69,64,70,46,28,38,73,84,24,80,66,34,17,37,26,51,100,60,49,29,89,36,62,90,15,69,59,81,65,86,50,53,53,64,49,83,79,36,56,80,87,60,73,54,40,41,9,74,68,42,87,73,37,38,54,3.35B,6042.92
30/08/2015,65.2,35,44,44,43,40,44,9,42,69,68,53,100,51,78,8,46,55,47,41,65,47,58,50,33,51,24,92,78,88,65,59,75,43,81,26,56,44,74,29,52,79,29,71,66,71,47,30,38,71,81,22,81,70,34,17,42,31,52,29,75,44,29,87,35,70,86,16,73,62,94,64,81,51,52,53,62,52,84,76,37,51,81,82,59,75,73,38,54,9,73,69,41,92,72,36,27,54,3.28B,6117.76
06/09/2015,61.2,41,56,50,45,31,53,14,42,79,81,58,85,62,72,6,52,53,62,44,74,37,72,59,31,82,33,68,79,96,73,73,73,46,77,23,65,45,74,23,58,86,26,80,66,76,60,39,49,69,82,22,85,73,40,18,41,33,51,27,70,46,33,86,43,77,86,15,77,76,54,75,77,53,52,54,60,51,80,72,37,50,78,87,60,84,100,44,68,9,72,67,39,88,64,47,35,55,4.60B,6104.11
13/09/2015,55,38,55,69,47,29,54,12,45,78,84,62,76,64,71,5,59,51,66,40,78,46,76,61,29,91,40,66,77,100,71,72,70,71,74,20,69,45,69,22,61,86,23,82,64,72,67,36,46,67,80,22,89,69,41,27,38,31,49,23,62,45,33,87,51,75,85,16,78,80,52,76,77,53,53,57,58,52,78,70,38,47,76,89,58,88,55,45,69,9,73,67,36,87,63,41,15,55,4.20B,6109.01
20/09/2015,58,39,48,61,49,30,51,20,40,77,81,60,67,63,72,6,54,53,70,46,83,54,76,59,30,91,33,73,77,96,75,67,68,43,78,23,69,43,69,23,71,83,30,74,65,72,66,35,48,67,81,22,91,69,43,28,37,29,49,21,66,44,32,86,45,76,84,15,77,75,48,74,79,55,49,57,57,55,78,66,41,48,77,84,56,82,45,39,68,27,72,66,35,86,63,42,34,54,4.84B,6129.98
27/09/2015,56.3,43,51,61,54,43,53,19,41,80,79,74,58,57,78,5,56,52,78,43,84,44,77,60,27,98,34,75,75,91,80,72,71,38,76,8,72,44,72,19,66,85,22,87,68,73,69,50,48,68,76,21,96,70,44,25,40,29,50,25,62,44,30,85,45,73,84,16,76,81,47,75,78,55,52,57,64,54,80,65,40,49,79,87,57,90,49,39,64,9,72,66,36,89,61,46,27,55,4.15B,6416.16
04/10/2015,52.1,43,53,64,55,37,53,17,45,85,85,80,54,62,70,5,60,54,77,47,85,53,87,61,30,97,35,74,77,77,79,72,71,42,77,28,75,45,70,18,62,84,24,86,67,71,79,42,52,65,80,23,96,67,44,22,39,29,50,28,66,44,32,84,46,76,86,15,76,80,45,79,77,52,49,54,59,58,76,63,39,52,77,88,58,89,50,41,67,9,74,69,34,86,64,48,34,56,3.17B,6378.04
11/10/2015,53.1,41,59,68,60,30,54,26,44,90,88,85,54,74,72,5,63,54,79,45,92,56,84,60,35,92,34,80,79,74,80,75,73,42,76,28,77,44,73,17,72,84,27,86,71,73,71,38,50,66,78,23,92,70,47,20,39,29,50,28,66,44,31,86,47,78,85,14,78,81,44,80,76,53,52,54,57,60,77,61,38,44,81,91,60,85,47,51,65,9,74,73,34,89,65,52,38,58,3.17B,6444.08
18/10/2015,49.2,40,61,58,59,31,55,16,45,90,82,80,52,62,73,5,57,52,68,45,85,54,86,61,30,87,34,79,79,68,81,66,69,37,78,47,76,47,71,17,62,86,37,81,66,69,71,36,48,65,77,23,91,64,46,19,40,28,52,25,67,43,31,87,48,76,86,15,77,77,43,76,74,53,51,50,56,58,77,60,39,44,79,88,57,82,44,35,60,9,76,73,33,85,65,47,48,58,3.43B,6361.09
25/10/2015,48,41,65,49,61,31,55,21,44,83,78,86,50,51,76,4,49,51,55,41,76,58,80,63,27,66,29,86,76,64,73,62,68,42,70,31,70,49,67,16,66,82,26,73,67,68,57,46,43,64,79,24,90,67,42,20,40,26,55,27,60,41,29,91,42,72,87,14,75,58,41,69,78,53,53,49,54,60,76,58,40,48,82,81,61,78,41,50,45,18,76,75,35,92,70,48,38,56,3.39B,6353.83
01/11/2015,45.1,44,63,69,73,56,56,22,45,84,90,83,60,70,71,4,62,54,67,44,90,52,89,62,35,100,35,84,76,63,81,77,68,39,74,52,81,45,68,17,68,85,35,88,69,65,72,69,55,66,77,23,93,63,58,15,40,32,51,45,65,44,30,85,49,78,87,15,77,80,40,76,77,56,52,51,56,56,76,62,37,47,79,84,60,85,45,43,73,0,77,71,32,86,63,50,44,57,3.62B,6118.28
08/11/2015,44.3,43,57,65,79,31,55,26,43,81,88,71,61,80,66,4,58,54,70,47,92,61,93,58,25,99,32,81,75,63,82,82,69,41,72,27,77,44,68,16,72,86,29,88,68,67,80,63,47,65,77,24,90,64,60,15,41,42,51,26,84,45,40,85,50,77,85,15,79,87,37,76,76,54,54,51,56,57,70,57,42,46,81,85,63,77,48,46,83,9,77,71,32,81,64,53,37,56,3.58B,6334.63
15/11/2015,41.1,45,57,70,82,27,53,22,41,80,83,85,60,74,66,5,57,51,70,42,98,51,94,58,36,98,35,81,77,59,83,82,69,43,74,30,74,42,74,17,69,83,35,84,75,63,85,69,47,62,75,22,88,62,63,15,43,38,47,22,100,47,49,82,50,73,85,16,76,76,33,74,77,50,55,48,55,51,68,58,37,50,78,85,62,79,44,43,100,14,75,70,33,82,59,44,40,57,3.13B,6375.15
22/11/2015,42.2,41,59,60,87,26,55,20,46,82,82,67,53,66,72,4,56,48,65,40,86,60,91,56,21,100,33,76,76,59,79,84,69,42,71,21,72,44,71,16,67,80,35,83,74,62,68,83,42,65,72,26,84,65,69,15,37,37,48,18,80,48,37,96,46,70,96,15,76,75,32,70,73,52,63,47,54,48,69,55,40,43,74,79,71,77,42,41,76,8,77,69,33,80,58,42,21,53,3.75B,6238.29
29/11/2015,40.1,45,52,65,76,44,51,18,42,81,82,65,60,73,78,4,53,54,67,43,91,53,84,57,28,90,35,77,77,57,79,83,70,41,69,19,74,43,65,16,75,76,32,83,68,61,87,93,45,65,73,31,85,65,84,14,39,37,52,19,78,48,35,85,48,70,98,15,76,77,32,69,76,54,65,47,56,51,69,55,40,46,74,87,72,78,46,41,74,9,78,65,36,84,59,56,25,57,3.84B,5952.78
06/12/2015,40.2,44,52,68,74,29,52,16,40,84,82,68,59,70,72,4,54,52,67,40,86,57,88,58,31,91,33,74,75,58,84,75,73,42,70,31,73,41,69,15,67,75,19,80,75,59,90,95,43,64,71,29,84,70,89,13,39,31,53,19,72,48,33,87,49,71,96,17,81,69,33,72,78,51,62,49,55,52,67,54,42,46,77,86,74,79,49,45,77,12,77,64,36,85,63,54,15,58,4.44B,6052.42
13/12/2015,39.2,39,57,64,70,26,50,11,38,73,71,56,53,64,74,8,48,48,51,40,79,48,77,54,27,78,30,75,76,55,73,60,72,77,71,35,65,41,71,16,67,73,24,81,75,56,67,96,43,65,73,29,78,72,91,13,42,29,62,19,72,47,31,86,41,69,98,15,81,55,35,67,77,55,64,47,53,56,68,53,46,46,79,88,75,77,44,50,69,38,78,65,34,85,73,43,24,57,1.71B,6254.64
20/12/2015,39.3,29,47,36,46,20,35,12,34,51,54,44,47,29,69,4,36,48,28,36,56,31,52,37,21,37,18,55,70,44,49,35,63,39,68,13,44,36,59,16,44,56,26,55,91,55,74,90,28,61,69,31,58,70,74,15,50,29,62,24,59,43,36,86,30,53,94,12,77,33,45,49,71,45,66,48,49,46,65,52,59,37,69,76,83,64,37,49,71,11,90,60,33,81,95,31,23,53,966.69M,6242.32
27/12/2015,42.3,31,50,36,25,31,35,8,34,48,60,29,35,31,66,3,41,49,31,38,60,35,54,31,16,37,19,77,76,50,49,38,67,33,79,28,43,40,82,18,37,59,17,59,81,62,100,100,26,68,80,37,61,74,31,17,41,30,63,19,68,39,33,89,31,53,94,14,75,43,80,52,79,45,63,51,57,51,76,69,100,33,88,61,75,82,49,41,58,20,88,82,34,82,100,42,25,52,3.99B,5912.44
03/01/2016,42.4,51,63,60,33,63,60,20,46,88,88,70,50,69,75,9,62,91,62,55,84,48,84,59,33,77,33,92,73,68,85,67,79,40,100,56,70,47,94,53,67,95,37,88,67,71,99,51,48,73,83,31,81,65,40,16,51,43,74,19,78,45,37,89,48,72,92,14,78,75,71,81,69,54,57,58,65,56,80,77,38,63,78,83,65,98,50,49,65,17,84,81,29,79,69,52,52,59,4.73B,5804.1
10/01/2016,44.4,53,66,60,32,32,59,18,55,87,90,67,50,72,65,11,68,71,67,52,87,74,90,59,31,84,34,88,72,65,85,74,87,41,88,49,73,45,87,33,71,92,39,86,61,70,79,46,48,68,83,27,80,64,39,15,44,35,75,20,76,47,34,87,57,76,88,15,76,74,65,79,67,51,54,58,62,94,81,74,36,59,79,80,63,89,49,50,67,9,78,76,31,80,66,55,59,59,4.67B,5900.01
17/01/2016,44.5,53,67,68,37,32,65,26,62,89,91,68,62,87,59,14,67,79,65,56,90,55,91,68,43,87,33,88,72,65,98,75,94,45,97,48,80,48,84,43,65,95,42,86,64,74,72,44,51,70,85,25,84,62,40,15,44,39,81,18,76,43,35,90,51,75,91,15,78,79,63,81,72,55,56,60,63,62,84,73,36,59,85,82,63,88,49,56,67,9,80,81,32,84,68,47,84,62,4.55B,6083.79
24/01/2016,46,57,75,65,33,29,64,26,62,91,87,75,55,70,70,10,63,70,64,52,92,54,88,80,38,89,31,74,74,66,95,74,88,46,96,64,73,47,85,29,67,93,40,96,64,73,79,45,51,73,82,25,84,67,42,14,45,38,100,21,77,44,34,87,52,77,90,14,78,76,58,79,72,58,55,55,63,66,81,72,38,59,84,85,64,93,53,72,61,9,79,81,34,84,67,62,78,63,4.92B,5848.06
31/01/2016,46.1,51,72,63,32,46,63,27,54,88,88,70,54,78,68,10,61,63,62,54,87,61,91,61,36,84,34,86,75,64,88,72,87,60,95,64,76,45,83,24,66,93,40,90,65,72,73,49,50,74,83,24,84,66,46,15,41,39,73,22,75,42,38,88,50,77,92,13,80,79,58,79,73,100,55,56,61,100,82,71,41,55,88,85,67,89,49,52,58,9,79,81,35,85,67,55,71,63,5.29B,5707.6
07/02/2016,52.2,52,62,62,35,30,63,26,51,85,85,87,52,77,66,14,61,66,58,51,84,73,90,52,40,83,33,77,73,67,82,74,84,53,93,57,75,46,77,32,61,93,38,89,65,72,77,50,54,69,85,22,82,61,42,14,41,42,57,26,73,43,35,89,49,76,89,14,79,77,55,79,76,60,56,55,62,62,83,70,57,54,95,84,68,88,52,53,59,9,76,83,36,83,71,56,45,63,3.95B,5950.23
14/02/2016,51,54,58,59,32,27,100,19,49,84,83,73,49,69,70,11,55,63,52,49,78,67,83,52,43,63,28,74,76,64,79,62,88,44,92,40,72,46,76,25,63,92,43,84,67,72,60,47,48,69,83,20,79,67,38,15,40,32,53,26,89,40,36,90,46,75,90,14,77,64,56,76,78,58,57,59,61,66,88,66,60,50,95,87,67,85,50,46,54,9,78,87,39,90,79,54,38,63,4.26B,6096.01
21/02/2016,48.1,67,66,65,32,28,72,22,47,90,93,84,52,78,79,10,65,62,62,52,99,71,93,57,39,81,42,79,79,66,84,71,89,43,92,42,75,46,82,20,70,91,38,94,64,71,77,40,52,70,85,20,78,60,46,16,40,31,53,21,79,42,34,88,51,76,87,15,78,81,54,81,73,59,56,64,62,65,84,65,44,59,83,84,65,85,52,53,63,9,76,83,40,81,62,49,38,65,4.55B,6199.43
28/02/2016,48.2,62,64,72,31,46,64,19,48,94,94,73,54,77,84,9,62,60,62,51,95,59,93,54,29,81,39,77,78,72,78,77,83,40,88,36,74,45,78,20,71,92,40,92,66,68,70,53,51,69,85,21,84,57,45,16,42,29,53,20,70,43,32,91,54,78,87,14,78,79,53,78,72,59,56,63,63,64,85,66,48,54,87,86,62,85,55,54,60,0,75,82,42,80,60,52,41,63,4.27B,6139.79
06/03/2016,53.2,61,66,72,30,29,65,19,49,92,97,76,62,90,77,9,68,63,64,47,97,67,100,61,29,82,38,83,76,72,86,81,85,43,86,28,77,45,82,18,66,95,36,100,64,71,82,45,54,69,83,21,85,59,42,15,45,38,54,20,71,41,35,92,56,75,86,16,76,82,55,82,72,56,56,64,67,61,86,67,58,54,84,84,60,89,60,60,58,9,78,80,45,80,58,58,30,63,4.05B,6189.64
13/03/2016,59,63,69,79,33,26,66,24,98,88,95,70,56,91,73,7,60,63,63,49,100,68,94,62,34,80,39,83,82,71,83,77,82,48,90,31,74,46,79,18,71,91,31,93,63,67,69,36,55,71,81,21,81,56,41,15,46,32,54,22,73,42,34,90,55,72,86,15,77,80,57,79,73,54,69,67,63,59,84,65,53,54,79,80,57,87,65,56,61,14,79,79,52,82,59,51,61,63,2.52B,6106.48
20/03/2016,59.1,50,58,53,31,23,54,24,61,77,81,58,50,62,72,6,54,59,54,44,78,42,78,48,20,63,33,66,80,65,77,72,79,42,82,20,63,43,76,17,61,81,32,79,62,69,58,42,48,69,81,22,75,57,36,16,38,31,50,36,72,42,38,90,46,67,86,13,79,68,71,71,75,51,52,62,63,57,85,67,50,50,82,71,59,83,55,49,66,0,78,85,57,93,65,51,54,64,2.89B,6146.05
27/03/2016,62.1,58,60,53,31,32,53,18,53,81,77,58,44,58,80,6,51,67,47,49,72,44,70,46,25,54,29,69,85,68,75,52,77,42,85,38,63,45,81,18,55,82,36,76,63,69,53,27,42,73,86,26,77,58,35,17,38,31,53,22,69,40,39,92,44,67,90,14,75,56,80,68,75,55,55,60,64,57,91,68,48,48,85,72,61,85,52,54,59,0,80,89,60,93,74,48,43,63,3.50B,6204.41
03/04/2016,59.2,60,69,57,31,39,61,19,60,89,85,72,49,59,76,6,52,69,51,52,81,57,83,61,24,67,32,72,88,75,79,61,83,41,92,31,65,47,85,16,64,86,31,83,62,69,57,31,43,75,84,28,85,59,38,16,41,30,65,22,69,43,39,91,55,70,89,14,76,65,61,76,76,56,54,61,65,55,85,66,37,49,86,78,62,87,53,59,51,0,78,82,58,89,65,45,38,66,3.83B,6343.75
10/04/2016,55.1,57,84,70,32,27,62,18,52,93,97,81,52,72,74,6,53,72,68,52,92,56,92,66,24,79,37,88,79,75,79,73,84,49,87,31,72,47,86,18,61,87,31,93,64,71,68,34,52,76,81,26,85,58,41,14,42,37,69,19,74,43,54,89,56,69,86,15,80,77,60,78,72,57,54,64,65,61,84,67,38,47,82,81,62,88,58,56,60,18,76,79,56,83,64,59,34,64,3.74B,6310.44
17/04/2016,58.1,54,67,69,32,25,62,21,50,88,100,71,50,89,73,7,58,59,69,48,93,74,93,64,26,86,37,87,76,70,85,72,84,45,87,25,70,45,82,17,67,87,43,87,62,72,67,30,51,70,77,25,81,62,44,14,46,36,57,21,73,41,52,85,57,70,83,14,78,80,61,77,72,55,52,57,65,79,84,66,38,45,83,82,61,91,51,55,61,0,73,76,59,83,58,45,53,64,4.02B,6241.89
24/04/2016,54,54,74,66,32,26,63,17,51,88,93,73,48,77,81,7,60,59,71,47,95,63,92,64,30,85,39,85,76,70,82,74,82,49,86,22,72,46,83,16,74,88,44,87,65,71,69,35,51,71,81,24,81,60,44,14,54,50,56,24,81,44,36,88,54,69,84,14,81,85,73,76,75,56,54,57,65,62,86,67,35,49,86,80,61,91,55,48,62,18,74,77,53,88,58,56,41,64,3.10B,6125.7
01/05/2016,60.2,45,62,60,35,51,58,16,43,76,90,71,49,72,78,6,58,55,73,43,92,68,86,55,31,71,46,84,75,67,82,84,81,42,86,26,63,44,84,16,64,79,37,95,62,70,63,42,51,68,77,25,74,72,43,14,42,51,55,23,73,42,43,87,53,61,82,14,78,75,95,71,73,53,52,56,66,56,89,66,36,46,84,75,62,84,60,50,62,9,74,76,71,93,61,49,30,61,3.24B,6138.5
08/05/2016,61.3,51,58,64,34,33,61,18,45,81,94,85,49,82,77,6,61,56,91,43,86,64,93,66,29,85,39,87,75,73,88,76,79,42,86,37,68,46,87,16,71,90,28,95,64,72,73,38,53,70,77,22,79,94,44,13,43,40,54,24,73,45,37,86,56,66,83,14,80,79,63,78,74,57,53,54,71,61,86,68,37,48,78,80,60,82,61,60,68,9,72,68,71,87,56,54,69,62,3.81B,6156.32
15/05/2016,70.3,57,58,70,32,25,60,16,49,82,87,83,45,78,76,7,57,56,91,43,89,66,94,59,29,92,35,76,74,74,96,70,83,45,88,43,69,47,83,14,67,87,21,97,66,74,67,39,51,70,79,23,78,100,44,13,40,37,57,38,72,44,37,87,54,66,85,15,84,81,68,79,74,55,55,55,68,59,86,72,35,47,82,75,63,92,51,56,72,0,74,73,65,89,59,67,61,63,3.60B,6270.79
22/05/2016,76,49,53,63,32,23,60,18,43,78,87,66,55,73,79,6,54,53,70,41,86,71,86,57,26,68,34,75,77,73,82,79,80,45,85,46,67,46,78,13,62,84,40,88,64,72,64,47,43,73,81,23,73,77,42,13,39,36,54,29,73,44,35,88,48,65,84,14,79,71,78,74,76,52,54,56,69,55,89,73,35,50,83,75,61,84,55,47,57,9,71,71,67,89,60,50,51,59,3.77B,6209.63
29/05/2016,80,40,50,40,35,36,53,16,43,73,73,72,49,66,78,5,54,58,46,39,63,58,71,49,29,59,35,71,78,66,69,47,77,43,83,27,60,44,76,13,59,78,32,80,66,68,49,40,44,79,82,24,70,72,36,14,38,33,55,25,67,42,35,90,42,63,87,15,79,62,95,64,82,51,54,52,69,52,90,73,37,53,87,74,64,81,53,75,52,9,74,72,74,96,74,42,24,60,3.50B,6115.76
05/06/2016,82,39,55,44,29,25,63,11,46,75,78,67,46,68,75,6,55,57,49,44,71,50,81,55,29,67,42,59,74,71,69,60,75,44,89,29,63,45,82,15,69,82,26,79,64,71,60,35,44,74,80,22,70,66,38,15,43,28,55,23,64,47,35,85,44,65,83,13,77,73,63,72,73,52,51,49,71,55,83,72,35,51,74,75,59,84,49,60,64,9,72,67,68,91,55,54,47,56,4.83B,6021.09
12/06/2016,71.1,35,52,44,30,23,55,16,46,73,76,66,41,66,68,6,51,57,53,44,76,56,75,50,26,81,35,62,74,63,64,54,70,46,80,34,60,44,75,16,65,80,35,76,61,67,58,33,44,74,82,22,67,62,39,14,38,29,63,23,66,44,45,86,71,67,83,12,77,63,59,71,73,52,55,51,65,51,80,72,37,46,79,76,59,76,53,50,66,9,74,70,52,87,57,43,23,61,7.53B,6138.69
19/06/2016,80.1,35,49,58,64,20,60,100,36,77,79,56,42,94,61,15,100,100,73,47,65,64,76,49,46,63,45,54,70,69,65,52,69,41,84,51,58,44,69,100,59,80,54,75,58,66,53,32,43,100,79,22,64,70,34,14,36,26,51,21,73,48,57,86,49,61,81,15,73,63,61,68,76,50,58,50,62,49,78,80,41,100,76,72,56,75,52,58,58,9,71,65,50,85,55,42,68,59,8.26B,6577.83
26/06/2016,77,43,61,45,58,31,56,63,39,81,71,47,44,73,69,13,71,89,40,55,66,50,74,49,27,61,57,57,77,72,67,47,68,43,71,37,61,48,73,61,66,84,50,71,61,68,50,26,41,84,82,24,68,70,38,14,36,31,52,25,80,47,54,88,38,65,82,15,74,59,63,67,74,51,61,56,61,51,81,77,35,82,79,76,58,73,58,53,50,0,74,69,49,87,59,33,15,57,5.53B,6590.64
03/07/2016,81,44,65,45,36,33,55,20,40,78,70,70,36,51,63,8,54,64,33,49,57,47,70,47,24,62,35,57,80,67,71,47,73,41,80,24,55,49,76,24,65,82,34,74,60,68,51,32,40,84,81,23,68,63,38,13,40,29,54,27,74,45,48,89,35,63,84,13,76,57,70,68,81,50,58,54,67,52,85,77,37,64,84,75,59,77,55,75,50,10,76,71,55,89,62,35,16,57,4.96B,6669.24
10/07/2016,73,40,65,45,35,22,56,21,43,74,70,61,36,49,61,8,48,67,28,44,55,54,67,49,31,52,41,58,75,66,58,45,69,41,83,33,53,47,72,21,62,82,30,75,61,67,50,25,37,88,77,23,67,59,35,13,41,24,52,25,67,46,47,89,36,59,82,13,75,52,73,67,80,48,58,53,65,51,84,82,33,64,83,69,59,76,59,94,56,0,75,73,52,86,60,47,28,57,3.81B,6730.48
17/07/2016,96,42,64,50,33,19,53,15,44,80,72,51,37,45,73,6,51,59,27,40,56,49,68,47,30,47,32,60,72,67,62,45,72,40,87,60,54,45,76,18,64,82,39,74,60,71,45,25,35,77,77,23,66,60,35,13,38,23,53,23,67,49,46,89,32,61,82,13,73,51,78,66,85,52,54,47,82,50,89,83,35,65,85,77,62,76,53,82,46,10,76,70,66,93,63,49,21,56,4.33B,6724.43
24/07/2016,81.1,53,73,38,35,22,53,14,42,75,70,56,34,42,78,6,48,57,26,41,60,51,67,49,27,51,27,53,77,68,61,44,76,46,80,34,56,49,77,16,63,82,33,68,60,71,40,35,37,74,81,23,70,61,34,14,44,24,53,21,69,44,44,91,34,59,86,14,76,48,83,65,85,52,60,49,76,51,92,82,39,51,91,74,65,79,51,86,44,0,78,78,59,95,68,37,49,59,4.23B,6793.47
31/07/2016,78,47,55,48,34,44,55,18,82,78,71,52,34,41,76,6,50,58,29,52,61,58,65,47,33,49,26,59,80,70,64,40,77,41,81,57,61,48,75,16,64,87,46,65,61,67,43,28,37,74,82,24,70,63,34,13,40,23,54,33,61,43,36,93,34,59,89,12,76,51,79,67,86,50,62,53,73,53,90,78,36,54,90,77,62,77,54,80,41,10,77,78,56,90,64,41,38,59,3.81B,6916.02
07/08/2016,78.1,49,57,40,33,24,50,19,46,74,67,47,31,36,69,5,43,50,25,41,60,46,64,40,31,48,22,54,78,66,60,39,75,37,73,39,55,44,73,13,57,80,32,67,59,66,48,27,34,69,79,23,64,56,31,13,37,21,50,54,62,41,42,88,32,56,83,19,73,45,72,65,87,50,79,48,76,49,86,74,34,49,87,75,60,76,52,72,42,10,73,74,52,85,58,37,20,56,3.19B,6858.95
14/08/2016,80.2,41,57,50,34,21,51,14,43,72,65,41,32,33,59,4,45,54,40,43,54,42,60,39,26,51,26,54,72,71,61,44,73,43,72,23,54,43,75,16,48,80,24,72,56,64,38,25,37,71,78,22,65,57,31,13,31,22,46,24,60,42,38,86,31,60,81,15,70,47,73,64,80,49,92,46,73,49,84,73,35,51,84,71,58,71,50,73,36,10,71,73,52,83,58,42,40,54,3.28B,6838.05
21/08/2016,77.1,38,54,38,35,21,53,15,41,78,66,44,32,32,63,6,43,54,37,43,60,47,66,44,28,48,23,56,75,77,61,44,74,52,79,35,58,46,71,14,61,83,18,73,59,63,43,22,32,72,80,21,69,59,34,13,34,26,51,23,63,45,37,90,33,57,85,15,77,51,81,65,85,51,66,50,73,50,89,75,35,50,88,73,62,73,52,79,45,0,76,80,49,85,60,48,35,57,3.86B,6894.6
28/08/2016,80.3,41,49,40,43,33,50,14,41,75,73,53,35,37,74,5,47,55,37,42,56,51,58,48,22,50,24,55,78,79,61,43,75,46,81,22,60,47,76,16,54,81,26,69,62,69,42,30,34,73,85,21,78,63,36,14,37,33,51,24,77,43,36,91,33,64,86,15,80,54,100,64,84,54,59,51,69,52,91,73,35,51,90,72,63,76,78,75,42,10,78,82,51,86,65,34,50,54,3.78B,6776.95
04/09/2016,72.1,41,54,48,47,31,54,14,39,84,79,52,33,47,70,6,53,58,51,44,70,39,70,50,29,64,32,53,80,85,68,54,75,45,81,27,69,49,76,15,67,87,22,77,64,70,52,26,43,72,90,21,85,62,42,14,37,32,53,21,68,46,36,91,42,72,86,14,78,58,59,74,80,57,59,50,69,57,88,71,36,53,83,75,66,100,89,80,56,14,77,80,43,83,56,43,41,56,4.61B,6710.28
11/09/2016,71.2,40,57,58,45,27,56,21,42,81,82,59,41,58,68,9,54,54,56,42,73,46,75,55,31,75,33,75,76,89,69,64,74,48,79,34,73,49,75,17,69,86,42,75,63,69,59,38,48,69,87,22,83,63,42,14,37,28,50,24,65,46,36,91,51,72,87,12,81,65,55,77,85,57,61,52,70,58,86,69,36,54,86,77,67,92,51,66,66,15,79,82,43,84,59,52,61,58,3.66B,6909.43
18/09/2016,69.2,44,51,55,49,27,57,16,44,83,80,65,40,51,69,6,57,59,62,43,78,48,79,54,33,84,35,65,77,94,77,63,73,57,75,21,70,47,72,14,59,83,28,79,62,72,61,25,50,66,84,23,81,62,46,13,37,29,51,20,70,43,37,90,49,74,86,26,81,62,51,76,87,56,58,52,65,57,83,63,35,46,83,82,64,99,58,56,59,9,77,79,41,81,57,49,36,58,4.45B,6899.33
25/09/2016,66,41,62,56,51,32,61,20,44,84,83,75,46,56,79,6,56,55,66,48,80,48,78,52,30,81,41,62,75,87,76,66,78,50,75,41,72,48,71,16,71,84,27,83,63,69,61,40,49,67,86,22,82,61,46,13,38,30,52,26,70,44,39,91,44,70,89,19,81,60,49,79,86,59,58,51,66,58,84,62,36,46,87,78,63,82,50,57,60,0,83,83,38,84,57,46,28,60,5.39B,7044.39
02/10/2016,64.1,45,57,57,58,58,62,27,46,90,86,79,48,55,73,7,61,61,72,49,78,61,84,56,29,88,43,69,72,78,71,66,77,41,71,32,75,48,71,18,69,86,37,83,63,68,61,40,51,67,86,22,82,60,49,14,36,33,54,21,66,43,37,88,47,73,86,27,81,66,48,76,96,56,60,50,65,59,81,61,35,60,85,74,64,87,51,100,61,19,82,82,38,79,57,45,40,59,4.71B,7013.55
09/10/2016,59.3,42,66,82,63,31,61,27,44,89,85,68,48,58,69,6,64,60,71,52,82,54,83,62,25,87,43,65,74,73,81,68,78,40,76,24,74,46,77,18,68,84,37,83,65,68,69,38,47,69,88,22,83,61,48,14,40,38,54,20,65,43,39,88,46,73,85,64,82,70,46,83,91,57,59,52,65,62,78,60,36,57,86,76,66,90,51,61,59,9,79,85,37,80,61,60,65,64,3.95B,7020.47
16/10/2016,60.3,43,68,93,62,28,59,25,43,90,87,80,45,63,65,6,61,61,62,45,83,65,85,57,37,82,40,70,79,69,81,68,77,42,76,26,73,46,75,16,72,83,27,86,67,67,64,35,51,69,88,24,78,67,48,13,39,33,58,21,68,41,39,88,48,71,84,71,82,65,45,77,87,58,59,52,61,77,78,58,35,50,86,73,64,87,53,61,56,9,79,86,36,81,60,54,39,63,4.40B,6996.26
23/10/2016,54.1,40,70,58,64,26,59,17,47,86,83,70,44,56,64,6,64,58,54,47,73,62,81,55,30,67,40,72,75,63,74,60,74,44,80,15,71,47,69,14,73,82,38,76,66,64,57,37,47,65,83,23,77,67,44,13,35,29,54,22,66,39,40,91,52,67,87,31,80,55,43,70,89,56,61,52,60,59,78,55,37,53,89,82,65,85,51,53,53,9,81,89,39,85,63,47,52,63,4.33B,6693.26
30/10/2016,54.2,44,64,88,70,55,58,23,48,89,87,100,47,71,62,6,65,55,61,46,87,53,84,56,31,87,45,100,76,63,78,72,76,45,71,44,78,48,75,17,76,83,36,87,69,62,63,40,46,66,82,24,79,69,53,14,40,30,52,21,64,42,40,89,55,67,85,29,81,65,39,74,82,54,60,51,59,62,78,55,41,53,84,78,64,85,46,57,59,0,79,85,36,81,59,52,63,60,5.91B,6730.43
06/11/2016,48.3,44,56,58,100,29,63,43,40,84,86,73,48,79,54,25,69,74,62,51,86,57,85,49,65,87,64,80,74,63,79,75,75,41,73,25,76,47,71,43,66,79,79,83,66,60,67,49,54,70,80,24,76,64,61,14,42,38,50,31,71,43,56,87,48,66,82,29,80,68,36,74,79,55,65,61,60,57,73,53,33,62,82,75,64,80,47,57,60,9,81,83,34,76,56,54,30,60,4.78B,6775.77
13/11/2016,45.2,47,67,79,89,29,64,17,43,91,89,77,50,76,55,9,67,65,66,54,89,57,93,56,33,87,43,84,76,63,88,76,73,47,74,28,79,48,79,15,67,85,40,90,67,61,71,57,52,69,83,24,76,68,68,14,40,33,51,23,68,42,40,87,49,71,91,26,81,68,37,74,80,58,68,65,60,65,73,54,34,55,84,80,71,88,51,61,60,9,81,84,36,80,58,55,38,62,3.44B,6840.75
20/11/2016,45.3,46,69,62,86,27,68,16,45,83,86,86,52,68,56,6,68,57,62,45,81,51,86,54,28,83,38,88,75,57,75,75,74,38,72,35,86,46,71,17,72,81,35,83,65,58,84,82,45,72,79,28,72,76,72,13,36,27,53,20,82,44,36,93,49,66,90,25,81,65,35,70,79,55,77,56,60,57,72,55,35,50,81,74,73,90,48,52,61,0,81,83,37,78,56,53,47,62,4.49B,6730.72
27/11/2016,46.2,44,63,59,92,39,61,18,41,86,85,72,57,68,64,7,66,55,64,45,80,66,89,56,32,87,38,73,73,58,81,74,82,38,71,25,88,48,71,15,78,80,39,85,68,56,67,77,51,69,79,31,74,65,84,13,37,28,53,48,72,43,41,89,51,68,93,21,85,65,34,71,83,55,77,55,61,55,74,52,35,52,82,77,75,86,49,63,64,0,80,78,39,80,56,50,22,63,4.73B,6954.21
04/12/2016,43.2,48,63,69,82,30,58,20,40,82,87,73,58,72,63,7,65,54,65,43,93,74,88,56,36,86,38,89,75,57,80,77,75,42,74,36,74,46,71,14,68,79,36,80,73,56,67,79,50,66,75,30,73,67,96,12,38,29,53,34,68,45,43,87,54,66,89,39,81,67,34,70,82,60,74,56,59,55,70,50,36,52,83,80,78,82,55,52,62,0,79,74,38,78,61,43,52,66,5.12B,7011.64
11/12/2016,41.2,48,58,72,70,22,54,18,40,76,78,62,56,58,64,9,56,53,52,43,79,62,80,55,31,71,32,81,78,54,78,73,73,57,76,29,69,44,67,14,63,73,43,79,70,55,59,74,45,66,78,28,71,70,100,12,37,29,55,23,68,46,42,87,47,65,90,100,84,54,36,67,85,56,74,52,58,55,70,51,38,53,85,81,80,78,53,66,60,9,81,73,37,80,66,63,55,64,2.68B,7068.17
18/12/2016,42.5,38,55,48,65,20,45,16,39,64,61,39,53,35,68,8,47,55,32,38,57,35,62,40,24,53,21,60,71,47,58,55,69,36,63,16,57,41,60,15,58,66,37,61,67,49,38,66,33,64,77,28,57,76,88,12,80,27,55,23,57,45,50,86,32,53,91,85,86,36,39,57,76,54,70,45,54,54,69,48,51,44,81,72,80,71,44,72,62,0,85,71,36,74,83,41,59,59,1.19B,7142.83
25/12/2016,41.3,28,56,32,22,19,33,8,34,45,57,27,37,26,51,6,45,54,26,37,43,33,39,25,21,42,20,60,69,44,39,37,66,33,70,25,44,37,69,17,38,52,22,48,89,55,23,93,25,65,78,41,47,59,37,15,37,31,62,27,72,35,63,91,32,45,88,20,73,34,65,55,78,46,74,49,58,46,74,57,93,37,85,57,83,78,48,48,66,10,83,80,34,75,97,45,26,59,3.09B,7210.05
01/01/2017,46.3,51,63,58,28,56,59,11,51,73,79,52,42,53,56,7,61,59,47,47,77,44,71,49,23,66,27,74,73,67,76,62,78,39,90,25,70,48,98,16,54,86,32,77,65,60,54,39,37,74,86,32,69,66,38,16,41,30,71,19,74,39,50,91,69,65,88,15,84,61,85,77,75,54,60,59,66,54,82,73,52,51,83,74,68,97,52,60,58,13,82,87,36,75,78,51,22,58,4.29B,7337.81
08/01/2017,42.6,57,76,66,26,27,70,17,60,91,92,71,51,72,63,9,67,67,64,52,89,55,94,65,34,77,36,73,72,67,88,77,80,41,90,29,77,50,96,15,69,89,33,84,65,64,90,45,55,71,85,29,76,66,41,16,40,30,74,19,96,54,46,89,55,73,84,15,82,72,67,84,75,59,57,60,66,64,80,79,35,50,80,76,65,91,54,62,62,8,79,83,31,75,63,49,46,61,3.92B,7198.44
15/01/2017,41.4,55,77,85,29,28,69,21,63,89,94,78,48,80,61,9,64,68,67,55,87,57,89,66,34,84,38,77,74,65,95,78,78,43,94,32,80,51,92,19,68,91,36,85,65,65,67,35,54,75,87,28,77,66,44,15,43,30,81,21,82,42,47,92,51,71,84,16,83,73,67,82,72,59,59,59,67,62,83,72,34,57,86,82,66,91,52,74,63,17,80,88,32,76,66,60,43,65,4.70B,7184.49
22/01/2017,45.4,54,78,65,26,28,67,15,61,88,91,67,44,69,63,11,66,60,59,52,82,50,83,70,32,90,38,85,94,66,92,73,79,42,88,35,80,51,90,16,81,90,32,91,67,65,66,42,52,74,85,27,79,58,42,15,46,29,88,25,72,42,46,92,52,69,85,14,84,66,57,81,77,59,60,59,67,68,82,70,38,52,86,83,67,87,51,72,62,13,78,89,34,78,68,50,39,63,4.43B,7188.3
29/01/2017,46.4,56,74,69,27,44,68,21,57,89,92,67,48,65,64,10,63,67,58,58,83,51,88,73,32,86,39,82,100,66,87,74,79,46,88,50,84,51,87,18,79,92,34,89,67,65,68,40,50,75,88,27,76,60,44,15,42,29,89,18,70,46,49,90,53,69,86,15,82,74,56,80,76,60,62,55,66,70,86,72,36,53,84,81,68,86,49,55,67,19,79,90,36,79,67,57,38,64,4.10B,7258.75
05/02/2017,46.5,48,65,70,27,29,68,21,48,91,90,82,50,64,58,7,63,64,58,55,83,65,89,56,33,85,38,80,94,62,88,74,82,72,88,40,82,49,88,17,62,98,35,86,66,65,65,50,50,72,85,24,74,67,45,14,40,28,57,22,70,44,47,91,51,70,85,15,83,65,54,81,77,60,60,55,64,64,85,66,36,54,90,86,71,88,54,65,60,17,80,87,34,81,71,53,61,67,3.72B,7299.96
12/02/2017,51.1,52,62,73,28,25,64,24,50,90,87,75,42,67,57,7,60,64,49,51,83,58,86,52,31,74,33,84,88,63,83,67,80,52,84,43,79,48,85,16,73,91,35,79,64,63,56,36,45,70,87,22,73,94,38,14,39,27,55,19,71,40,41,91,50,69,85,15,83,61,53,74,80,57,61,60,65,59,87,64,50,49,97,81,68,81,53,62,53,13,76,90,39,86,78,54,39,66,4.74B,7243.7
19/02/2017,52.3,63,72,65,29,27,66,22,51,90,92,67,45,62,58,6,65,67,55,53,88,52,95,54,38,80,40,80,89,68,85,71,81,44,88,32,79,49,93,18,62,91,45,86,66,65,67,36,50,71,89,22,76,71,42,15,39,27,54,20,70,43,46,92,52,71,86,17,83,61,54,79,86,58,58,69,67,62,90,70,35,51,85,80,63,84,61,61,58,8,78,87,43,85,68,100,53,68,4.77B,7374.26
26/02/2017,50.2,56,66,71,28,43,65,22,54,91,92,74,59,77,62,9,66,71,62,58,91,49,91,60,35,90,37,87,89,68,84,78,80,48,86,36,86,50,86,17,78,90,54,89,69,62,71,28,58,70,87,23,77,62,43,17,39,29,55,20,72,46,43,90,56,68,84,15,82,69,52,80,74,60,57,62,65,59,91,64,37,55,81,77,62,82,60,52,62,0,77,86,41,81,64,73,65,67,4.55B,7343.08
05/03/2017,56.4,79,73,81,31,30,72,15,62,98,95,77,46,82,55,6,67,68,65,59,87,68,97,56,43,88,36,82,85,70,86,78,82,47,89,39,80,50,90,17,64,92,41,88,68,67,72,40,51,70,87,24,78,65,45,13,41,28,56,19,70,43,45,89,57,68,84,16,80,75,56,80,78,57,59,63,67,60,89,64,37,56,86,80,63,83,57,58,58,16,77,84,47,83,62,63,66,67,5.10B,7424.96
12/03/2017,59.4,60,66,75,28,27,64,17,50,98,93,66,55,84,55,7,72,73,62,52,89,58,93,58,36,88,40,90,81,69,85,81,82,58,85,50,85,48,85,18,66,90,37,91,70,65,66,35,47,70,85,25,76,67,43,13,43,28,57,19,71,43,42,89,55,72,82,14,83,67,56,80,75,60,75,58,66,58,87,61,39,56,83,77,64,84,55,56,65,16,77,84,53,83,63,74,49,65,3.90B,7336.82
19/03/2017,57,57,61,98,29,26,66,20,52,100,92,77,50,73,56,7,66,73,63,55,86,70,91,56,33,81,37,80,80,70,83,81,79,45,86,43,82,48,82,17,72,87,32,91,63,68,66,37,53,72,84,23,78,64,45,14,42,26,55,21,75,44,59,91,54,71,82,15,83,73,53,79,73,60,56,54,66,58,87,64,39,52,88,76,62,89,50,54,66,8,76,81,52,79,64,74,43,65,4.19B,7322.92
26/03/2017,61.4,56,63,79,30,28,67,16,54,96,94,66,45,72,63,9,68,77,58,56,83,52,93,56,32,81,36,76,82,72,78,77,82,46,84,19,82,50,86,18,68,86,35,86,65,66,71,43,49,74,84,24,80,59,42,13,48,26,58,21,76,45,45,89,51,68,82,16,81,71,59,79,74,59,54,52,68,64,91,64,46,52,87,81,62,80,58,69,60,17,77,79,62,82,61,44,29,67,4.07B,7349.37
02/04/2017,66.1,64,71,71,29,53,65,17,51,94,89,76,41,61,63,8,60,73,52,55,73,63,84,60,38,70,30,72,85,72,77,76,82,41,87,42,71,53,84,15,73,85,42,81,63,63,60,37,40,73,83,25,81,62,36,13,46,28,65,19,68,43,45,89,49,64,83,15,80,65,63,76,79,57,54,51,71,59,90,64,34,54,83,81,62,80,54,63,60,9,77,76,73,87,59,55,52,64,3.16B,7327.59
09/04/2017,69.3,45,67,66,30,26,54,17,42,77,80,64,43,46,58,6,53,75,48,50,63,55,73,52,28,64,25,69,82,66,70,65,79,44,88,20,66,49,82,15,65,79,46,76,62,63,50,36,41,75,86,23,70,61,35,14,43,33,60,19,60,41,50,90,47,59,83,12,82,55,76,68,81,54,57,50,71,53,94,63,42,52,87,70,64,80,60,60,60,18,78,81,81,94,66,56,30,65,3.90B,7114.55
16/04/2017,69.4,44,72,63,33,22,62,16,47,85,88,61,45,69,59,8,63,67,55,44,68,57,75,54,34,69,46,75,81,71,74,77,79,59,88,41,70,50,86,17,69,79,33,76,66,62,55,27,45,75,87,22,73,59,39,14,42,32,58,32,64,40,53,89,50,60,82,16,81,63,80,74,75,58,57,58,69,53,92,62,43,54,84,71,63,84,60,62,69,34,76,83,72,87,62,46,37,65,5.12B,7203.94
23/04/2017,64.2,55,92,73,28,25,68,22,44,90,94,74,47,80,73,8,65,65,68,51,86,48,89,61,35,80,46,83,77,74,84,77,77,54,89,45,76,51,85,16,74,87,38,89,64,60,66,27,51,77,85,23,78,63,41,14,41,31,57,19,73,49,44,89,56,67,81,14,81,69,71,80,74,61,57,58,68,60,88,64,36,51,82,80,63,79,61,61,63,41,74,79,61,80,52,66,42,64,3.58B,7297.43
30/04/2017,70.4,51,81,63,32,46,65,21,64,84,92,75,48,77,66,6,69,64,69,50,81,68,88,56,33,79,49,78,76,67,86,78,80,45,96,43,73,50,84,15,77,82,38,93,69,61,61,32,48,74,88,25,75,75,44,14,46,29,58,22,71,43,47,87,55,65,85,15,84,67,88,77,71,58,56,55,70,57,91,65,34,53,84,72,64,80,64,57,55,25,75,82,67,87,60,50,57,63,4.18B,7435.39
07/05/2017,71.3,61,70,76,30,25,76,23,54,91,95,75,50,83,62,7,63,74,77,54,91,66,95,65,36,84,50,75,72,73,89,87,80,44,90,35,81,51,85,16,81,88,36,91,62,63,68,33,48,74,86,25,76,72,43,13,59,27,57,20,72,46,44,89,54,67,81,15,85,71,60,87,72,58,58,55,75,60,86,66,35,55,84,79,61,80,66,55,64,17,74,81,66,85,55,64,47,66,4.78B,7470.71
14/05/2017,72.2,69,73,87,29,25,75,20,48,89,92,78,41,76,61,9,66,68,72,51,79,74,86,57,43,89,47,72,74,71,85,74,76,45,92,22,75,51,85,16,81,87,33,84,65,64,64,29,45,73,83,24,74,67,42,12,47,26,56,22,70,45,47,87,50,63,81,18,83,66,63,80,73,57,59,55,72,57,86,67,36,54,81,74,65,82,68,54,64,17,75,78,60,87,58,43,22,62,3.68B,7547.63
21/05/2017,85,49,57,56,28,22,64,11,46,78,79,66,38,57,60,7,53,63,57,50,71,85,83,52,39,76,45,69,69,68,75,99,74,40,83,29,68,47,77,13,76,77,36,69,62,56,55,27,40,68,78,23,68,61,39,12,40,25,53,24,67,47,73,84,45,56,75,13,80,57,71,70,77,51,56,47,77,52,82,64,32,48,76,72,60,74,56,56,83,27,70,68,74,82,52,52,17,56,4.36B,7547.63
28/05/2017,85.1,53,54,62,31,35,70,12,51,76,75,64,38,57,58,7,57,58,53,51,62,65,67,47,35,63,57,66,74,65,70,50,75,43,91,40,63,49,80,16,63,78,34,62,64,60,48,21,35,72,85,25,65,64,35,13,38,26,55,23,64,44,61,93,37,57,83,14,82,53,94,66,80,55,61,53,77,53,92,69,34,47,84,71,67,76,63,49,56,9,74,77,75,92,61,48,40,60,4.40B,7527.33
04/06/2017,70.5,43,50,58,30,26,74,18,60,76,77,51,49,61,53,7,54,62,68,49,68,63,76,48,31,69,100,55,68,62,67,57,69,42,86,24,67,50,78,18,69,80,30,71,61,55,60,29,37,72,82,25,63,64,42,13,37,26,50,25,73,46,93,86,42,58,78,14,76,56,58,71,69,52,57,54,66,51,80,68,33,56,75,68,61,71,92,55,77,17,71,72,54,82,50,46,25,56,5.43B,7463.54
11/06/2017,86,39,56,87,28,21,60,22,50,77,76,60,40,62,53,7,49,65,60,51,61,60,80,48,40,82,52,60,73,65,68,53,76,51,89,28,66,51,76,15,78,93,26,73,60,59,59,35,43,73,84,26,66,61,41,14,41,26,51,28,63,44,74,92,39,61,81,13,82,56,64,71,76,54,57,51,77,60,85,67,35,49,83,72,61,75,55,58,60,18,75,71,64,85,51,60,49,60,3.92B,7424.13
18/06/2017,82.1,41,57,58,27,20,58,26,41,74,74,60,39,47,56,6,48,63,48,49,66,61,80,50,28,66,40,64,73,64,68,54,75,41,91,14,65,52,82,15,70,88,28,68,57,59,55,50,39,75,82,26,67,71,34,13,36,25,53,20,61,48,66,89,38,61,83,16,79,60,65,72,79,54,58,50,99,57,88,69,41,49,80,76,59,73,54,49,63,22,76,71,67,83,52,48,45,61,4.27B,7312.72
25/06/2017,84,40,62,57,30,24,65,17,44,77,74,47,40,41,63,6,48,70,40,50,65,56,81,51,43,61,32,65,75,68,68,48,76,46,81,28,68,55,78,15,72,87,49,73,65,62,55,35,42,75,84,27,68,68,38,13,37,26,55,35,63,47,57,95,39,67,84,14,83,53,70,72,83,59,62,60,77,58,94,73,35,52,87,71,64,79,56,59,56,0,76,79,57,88,57,52,27,61,3.76B,7350.92
02/07/2017,88,43,63,56,29,52,63,9,39,81,75,59,38,44,64,6,53,68,35,55,60,51,71,51,35,57,24,56,76,67,73,45,76,40,85,37,66,56,82,15,70,86,36,73,62,60,51,36,39,77,88,28,66,68,39,13,36,27,55,48,63,46,53,94,39,62,84,12,84,52,71,71,84,55,58,57,80,57,96,74,34,52,86,75,62,81,56,55,53,14,76,79,63,88,54,43,35,62,3.94B,7378.39
09/07/2017,82.2,40,71,56,33,23,60,15,45,81,72,60,33,44,58,6,73,66,34,52,60,54,72,50,26,54,25,54,75,67,67,45,75,45,83,39,64,56,78,16,72,86,31,74,69,61,44,33,38,82,85,27,64,69,36,13,36,30,56,37,63,47,51,92,41,60,83,12,82,50,74,70,82,56,57,60,77,56,90,73,35,46,88,73,64,73,59,60,49,13,77,80,60,90,57,38,49,61,3.36B,7452.91
16/07/2017,79,42,100,72,31,21,63,16,48,79,72,54,33,36,60,5,49,62,26,51,58,46,73,48,29,51,25,57,78,66,71,40,74,44,83,34,61,54,77,14,73,85,44,70,64,62,45,27,41,80,87,27,63,69,36,13,37,31,56,27,58,49,55,92,42,60,84,12,79,49,77,69,80,54,57,54,80,55,90,73,34,53,86,75,64,71,58,52,49,21,78,80,58,92,62,43,34,60,4.52B,7368.37
23/07/2017,78.2,48,83,48,33,22,69,14,62,81,76,62,34,37,66,6,54,69,26,52,60,51,71,50,45,51,23,64,78,68,62,46,77,50,81,20,63,55,77,17,75,84,44,66,61,61,48,33,36,80,89,27,66,74,34,14,35,32,57,30,66,48,51,95,36,58,87,15,83,45,80,68,86,54,59,56,74,53,96,76,34,48,93,73,67,79,52,50,45,12,80,86,53,94,70,34,37,61,3.99B,7511.71
30/07/2017,78.3,50,75,54,35,43,61,13,51,81,74,57,33,37,66,8,51,64,26,56,60,47,65,53,38,52,20,59,84,69,66,35,76,42,82,30,72,56,74,16,67,85,37,66,63,61,42,35,31,76,87,26,68,65,36,16,36,31,58,27,67,47,51,94,34,58,90,17,82,48,82,68,84,54,59,55,75,54,95,76,35,52,94,72,68,75,57,55,43,26,80,86,52,91,69,50,84,61,3.55B,7309.96
06/08/2017,81.2,49,66,52,36,25,56,11,45,79,71,55,39,36,64,9,48,64,28,56,61,48,68,46,38,49,19,64,82,69,66,42,76,44,83,28,68,54,76,16,78,85,34,68,62,62,45,36,32,72,88,26,66,66,35,19,47,30,54,26,65,47,53,93,35,57,87,17,83,52,77,68,87,56,60,54,72,53,94,73,35,51,95,74,66,81,55,59,40,13,81,87,52,89,65,43,52,60,2.99B,7323.98
13/08/2017,81.3,43,60,61,39,23,58,16,46,78,71,50,35,42,67,7,49,61,44,53,57,49,70,45,35,51,30,58,79,78,62,41,74,42,82,48,67,53,76,16,76,85,27,67,61,64,42,32,34,71,88,26,69,67,35,14,47,26,55,22,67,46,54,94,35,55,88,12,82,52,76,69,87,57,59,54,72,52,92,74,35,52,96,74,68,75,57,51,46,9,79,85,52,87,63,45,56,59,3.11B,7401.46
20/08/2017,80.4,42,66,44,36,22,60,15,47,78,72,49,34,38,68,7,47,59,39,53,60,42,63,44,33,51,22,57,80,81,64,35,75,44,76,28,66,53,73,15,70,82,34,68,60,61,42,27,39,72,89,24,70,63,33,14,100,25,54,30,66,49,53,93,35,59,89,15,84,48,82,69,89,56,58,52,71,53,93,69,34,55,91,69,67,77,63,57,44,18,78,85,51,82,61,40,26,59,2.78B,7438.5
27/08/2017,87,37,69,44,38,29,53,8,45,74,69,47,34,35,64,7,51,62,34,56,57,46,58,46,29,52,23,58,77,78,58,42,76,43,81,26,64,51,74,14,69,78,34,69,65,62,39,28,34,73,87,25,66,59,37,14,52,26,52,35,74,44,55,91,33,54,88,16,84,46,97,67,86,55,59,54,75,51,94,68,34,52,89,66,68,75,71,53,47,9,78,83,54,84,59,36,34,57,2.94B,7377.6
03/09/2017,70.6,45,57,56,44,33,61,13,43,88,82,73,43,47,60,7,58,65,49,57,61,57,80,53,27,65,29,61,74,89,70,59,77,42,75,22,75,56,81,16,63,85,23,77,65,61,49,31,37,72,87,26,77,62,42,16,42,29,57,23,67,49,55,95,38,69,85,17,82,55,57,74,79,58,59,55,67,55,89,70,33,57,88,74,65,86,92,57,52,9,79,87,43,79,60,47,33,59,4.99B,7215.47
10/09/2017,63,41,54,89,47,26,60,20,44,82,81,62,41,56,59,7,56,64,59,55,71,51,71,53,32,70,32,57,74,93,73,54,76,40,75,30,79,53,75,16,68,85,36,75,65,62,55,32,51,72,87,26,77,55,42,14,39,28,49,25,60,49,59,92,43,66,84,16,84,56,51,74,81,57,58,53,66,53,84,66,33,60,84,75,64,81,51,52,58,13,80,86,40,78,60,48,47,57,3.78B,7310.64
17/09/2017,64.3,47,56,63,47,26,61,16,42,83,82,68,41,53,58,7,60,64,55,51,72,48,80,51,29,83,31,61,75,95,76,57,74,48,79,24,78,54,74,17,77,82,29,78,64,62,55,29,46,71,87,26,79,56,44,14,39,28,50,29,66,47,59,94,53,68,83,14,85,57,51,77,80,61,59,60,65,54,85,62,35,62,88,74,65,78,49,65,62,25,79,87,39,81,56,54,43,63,3.67B,7372.76
24/09/2017,62.2,47,61,54,50,29,61,20,39,85,82,76,39,51,64,6,60,60,59,53,73,55,78,53,39,78,35,62,75,91,71,59,73,44,76,32,79,54,74,16,74,85,26,77,65,60,59,35,43,69,85,25,81,59,46,13,39,31,56,23,70,46,64,93,42,68,84,14,86,58,47,76,80,59,60,58,64,54,84,61,35,52,88,75,64,82,48,58,58,17,79,86,41,80,54,45,32,61,4.03B,7522.87
01/10/2017,57.1,49,61,58,49,50,61,21,43,88,85,86,46,52,65,7,60,77,68,55,79,54,80,55,35,86,38,69,72,77,79,72,74,40,72,45,82,56,77,16,75,85,29,83,63,60,61,35,48,71,85,25,84,58,46,15,38,31,56,21,69,46,63,91,45,71,86,13,87,55,46,79,82,58,59,54,63,56,83,63,36,55,89,74,65,77,54,56,55,21,83,89,38,79,55,47,53,63,4.18B,7535.44
08/10/2017,60.4,45,58,68,52,31,61,21,45,94,89,85,46,58,59,7,65,64,68,60,79,49,87,52,27,89,36,73,72,75,75,81,76,41,77,42,82,58,80,17,83,86,36,91,64,61,65,32,50,69,85,26,85,62,49,17,39,37,53,21,69,47,56,92,48,73,84,14,85,65,45,91,79,60,61,53,64,59,82,58,36,61,90,75,67,82,54,48,54,33,80,92,38,78,58,67,70,66,4.00B,7523.23
15/10/2017,54.3,48,65,100,53,28,65,14,45,93,89,82,47,68,57,8,61,68,64,61,78,45,85,51,36,80,35,79,74,69,81,69,72,40,78,37,81,59,79,16,76,86,42,75,65,58,64,39,48,70,86,27,82,61,48,13,45,33,54,20,86,50,57,91,49,72,83,13,87,62,43,77,80,56,61,49,62,59,80,59,46,52,88,76,67,78,51,63,57,22,79,90,38,82,57,61,59,63,4.05B,7505.03
22/10/2017,53.3,45,74,69,55,25,60,23,44,91,81,77,44,47,61,7,61,64,51,60,70,69,81,51,33,72,32,73,72,66,77,59,75,42,84,29,74,59,75,16,81,82,37,74,61,57,59,39,46,68,87,25,78,62,48,14,41,30,56,19,70,43,52,94,46,65,87,14,85,56,43,74,82,58,62,52,61,56,81,53,43,60,93,73,69,77,51,59,52,14,82,94,40,85,62,55,39,63,4.39B,7560.35
29/10/2017,53.4,49,73,77,57,46,61,16,48,96,85,88,46,53,67,7,58,70,60,73,82,54,86,54,42,83,35,77,76,65,79,65,77,43,78,31,80,56,77,16,78,84,41,82,63,56,61,44,46,70,85,26,85,59,52,14,41,31,58,19,63,42,58,91,54,67,86,11,85,58,38,75,78,58,59,50,62,59,79,52,43,57,86,77,68,82,47,53,56,25,80,90,39,75,55,49,70,59,3.74B,7432.99
05/11/2017,50.3,52,62,69,71,33,63,20,48,100,90,69,52,61,62,8,70,79,62,73,84,70,88,53,44,99,40,78,80,66,88,75,81,43,86,21,84,57,80,19,77,88,57,83,71,57,66,40,50,70,85,28,85,63,61,14,45,37,55,20,67,44,60,91,51,69,89,15,87,67,37,80,83,58,63,48,64,59,81,52,36,56,89,79,69,81,53,47,60,14,84,92,39,77,55,53,45,63,4.51B,7380.68
12/11/2017,46.6,46,71,82,79,30,60,20,45,87,90,64,53,69,67,7,71,69,63,60,86,79,85,53,41,95,38,83,83,62,82,76,81,41,77,33,80,56,72,18,79,87,33,86,68,57,66,42,48,69,88,29,84,59,67,16,43,37,53,26,68,43,58,91,50,69,91,20,86,60,35,76,75,59,70,63,63,60,78,49,35,50,86,77,71,86,51,56,64,22,86,89,38,77,55,50,48,61,3.49B,7409.64
19/11/2017,47.2,52,63,73,81,25,64,20,47,86,89,59,51,67,71,5,67,66,60,62,82,65,84,52,38,88,36,77,78,59,80,68,76,38,75,30,76,58,68,17,81,80,37,79,69,54,68,66,46,70,87,33,75,63,71,14,39,31,54,20,62,46,67,94,52,63,92,12,84,54,34,73,77,56,74,53,63,59,75,50,36,52,80,73,74,82,51,54,58,18,90,87,37,72,49,59,37,62,4.96B,7300.49
26/11/2017,44.6,46,65,68,86,36,57,19,48,89,86,65,84,59,78,9,65,68,61,77,81,72,85,52,45,93,33,92,80,66,80,67,78,38,73,18,81,56,64,18,93,80,41,85,76,53,61,73,48,69,85,37,81,62,84,16,37,39,59,27,62,46,59,88,46,66,91,13,85,56,35,72,78,59,73,60,63,55,78,48,36,51,82,72,99,80,51,55,66,22,91,82,39,77,52,49,73,61,4.22B,7393.96
03/12/2017,43.3,46,63,68,80,34,60,21,49,92,86,74,75,64,69,8,57,73,61,88,84,100,84,50,40,90,35,70,78,66,83,87,76,41,71,42,78,54,68,20,100,76,29,75,78,51,62,71,46,68,86,38,76,66,97,13,37,30,56,21,60,54,53,87,94,64,96,15,88,54,32,72,82,56,73,52,62,53,73,49,36,55,82,72,80,72,50,46,64,17,88,78,40,76,53,46,35,61,5.13B,7490.57
10/12/2017,40.3,45,51,88,61,24,51,21,45,83,79,57,69,54,69,7,57,82,52,93,77,64,79,49,37,83,32,75,75,62,74,62,75,45,71,37,73,53,66,17,100,74,26,73,74,49,58,96,46,67,82,35,69,65,95,12,43,26,55,20,58,55,60,86,46,58,96,16,87,49,33,67,87,55,72,48,61,54,72,61,37,52,81,72,79,71,53,54,54,22,87,73,38,73,58,62,36,58,2.85B,7592.66
17/12/2017,40.4,42,57,52,56,20,46,10,41,77,69,55,62,35,80,8,51,72,34,88,63,54,64,40,38,62,26,64,98,59,67,45,72,35,69,29,63,52,61,21,98,65,39,62,72,47,39,75,35,68,81,36,63,62,88,12,40,25,55,54,52,46,62,91,38,54,100,12,95,39,38,61,79,57,71,47,59,56,76,46,45,47,83,69,82,74,49,50,63,27,94,73,37,74,66,43,50,56,1.09B,7687.77
24/12/2017,38.1,34,47,40,23,20,36,13,33,50,56,27,40,28,58,6,42,65,25,73,47,46,42,25,27,42,19,62,72,47,47,32,68,33,66,33,45,42,67,18,63,49,24,50,100,52,29,68,20,66,82,46,48,56,43,16,34,29,59,27,52,37,78,87,30,42,88,12,79,34,56,48,75,44,73,48,58,48,75,57,51,43,82,53,86,68,44,44,64,9,100,83,32,70,83,42,32,54,2.57B,7724.22
31/12/2017,44.7,52,69,57,26,52,53,17,59,82,81,52,46,45,69,7,58,83,42,100,69,71,66,46,34,62,25,60,77,69,76,51,73,38,84,36,68,56,97,18,80,76,33,71,62,57,51,47,34,81,90,38,71,56,35,17,38,28,72,25,59,41,68,90,40,58,91,13,85,48,71,72,73,52,60,55,66,56,82,68,91,53,85,66,76,84,51,53,51,16,87,90,34,77,66,53,35,56,4.45B,7778.64
07/01/2018,46.7,65,70,77,28,31,63,18,72,97,91,71,49,64,65,9,66,85,63,100,89,53,89,59,39,78,34,85,77,75,100,68,83,40,92,40,85,62,98,21,93,93,36,81,63,61,65,40,59,82,90,36,78,55,42,17,41,28,73,23,69,44,68,93,53,71,90,14,86,66,69,86,80,59,59,57,74,59,85,70,36,59,83,77,71,88,53,58,58,24,82,94,33,75,55,47,24,62,3.88B,7730.79
14/01/2018,47.3,60,74,84,28,32,68,16,66,94,94,72,45,57,61,12,64,71,57,77,90,69,84,61,48,79,33,84,76,70,91,67,80,40,89,98,82,60,93,21,83,90,47,89,63,65,68,33,47,75,87,31,80,55,40,16,39,28,71,22,66,50,64,89,90,100,86,15,84,63,63,81,72,60,58,53,71,63,83,72,33,60,84,73,67,81,54,58,58,10,79,90,34,77,59,62,63,59,3.76B,7665.54
21/01/2018,44.8,61,82,72,27,28,65,12,69,92,93,73,47,69,66,9,65,76,55,72,87,66,90,64,39,85,31,85,74,70,88,68,81,42,90,100,84,61,91,19,81,92,40,86,63,64,70,34,50,79,90,31,82,56,41,16,43,30,80,20,66,46,62,92,61,74,85,15,87,63,58,82,73,63,60,58,78,70,86,68,34,58,87,75,72,84,51,70,53,18,81,93,36,77,59,63,50,62,4.16B,7443.43
28/01/2018,48.4,59,90,74,30,43,65,17,63,93,94,69,46,67,69,14,65,74,56,67,93,64,83,67,48,85,29,83,76,68,85,67,82,44,88,95,82,62,90,23,87,92,44,87,63,64,70,33,41,74,88,29,81,54,43,16,40,27,83,19,69,45,55,92,50,68,85,17,87,63,54,83,73,62,58,54,75,75,87,63,33,53,86,75,70,84,52,56,53,20,81,90,38,77,54,58,57,61,5.33B,7092.43
04/02/2018,50.4,50,73,76,36,33,62,23,48,91,90,73,47,64,66,100,69,93,53,67,81,56,85,53,83,85,32,77,79,68,87,70,85,59,89,92,80,60,86,68,81,89,76,83,62,67,65,42,46,72,87,26,80,56,42,16,41,29,55,24,69,48,59,90,54,70,85,20,87,62,53,81,74,62,59,53,73,73,90,62,34,62,88,72,71,80,51,54,53,8,79,88,37,79,57,54,48,64,3.89B,7294.7
11/02/2018,47.4,46,63,76,28,26,64,16,44,83,84,67,42,46,65,37,61,68,44,63,81,65,80,52,49,72,26,75,75,67,78,60,89,48,85,78,77,59,82,24,70,88,47,80,63,67,59,40,46,70,89,26,75,54,39,16,38,27,53,31,64,48,57,92,49,65,86,20,89,53,55,75,77,60,62,55,76,63,88,62,51,56,100,73,73,72,48,49,49,14,78,92,40,80,61,55,66,61,3.80B,7244.41
18/02/2018,49.3,65,69,77,30,25,67,16,51,88,94,76,53,65,67,22,59,77,56,60,77,52,84,53,38,81,33,78,77,68,79,72,95,42,93,51,82,60,82,19,70,90,39,83,60,67,63,39,43,70,91,24,79,52,40,16,41,27,53,22,65,46,63,92,45,67,84,15,86,56,54,79,74,65,59,52,78,70,89,59,34,58,84,73,66,78,45,57,54,16,78,88,42,78,54,66,61,60,4.12B,7069.9
25/02/2018,44.9,44,61,62,25,39,56,14,41,81,81,55,43,59,71,24,55,59,47,56,75,63,82,49,41,69,29,77,69,62,75,62,88,40,79,33,81,58,73,17,70,82,34,72,57,60,60,37,42,67,82,23,72,59,42,16,37,29,49,33,59,100,65,83,43,63,78,17,79,52,47,71,100,56,54,48,81,60,84,100,33,55,69,65,63,75,46,46,47,15,75,81,34,69,57,45,26,56,4.06B,7224.51
04/03/2018,49.4,50,65,78,28,30,64,19,46,86,96,76,48,70,67,23,66,74,54,59,87,73,89,53,40,85,33,78,73,68,83,67,88,42,88,48,88,63,85,17,73,91,29,84,64,67,67,45,47,71,87,34,79,52,46,15,40,29,54,20,66,49,56,89,46,67,82,15,84,63,50,79,72,61,58,53,100,82,89,62,40,60,88,75,67,80,50,58,68,34,79,89,41,75,54,56,67,65,4.45B,7164.14
11/03/2018,50.5,56,64,76,28,24,65,15,42,87,90,58,45,62,61,18,69,64,55,56,81,75,88,51,41,75,31,82,70,71,84,72,89,40,85,58,82,61,84,15,81,89,31,81,59,69,65,33,43,72,83,26,80,59,40,14,40,37,52,23,64,54,74,89,47,69,81,19,83,62,54,78,72,63,76,58,75,72,88,61,48,51,82,74,65,74,49,56,54,21,78,88,42,73,54,59,64,60,4.09B,6921.94
18/03/2018,51.2,51,68,95,27,24,63,19,48,86,92,57,46,59,63,26,70,76,53,57,79,63,87,53,49,81,33,77,74,76,85,67,92,48,88,25,82,63,83,21,78,88,39,84,59,68,68,31,49,74,89,27,81,53,40,15,39,34,52,34,67,51,78,91,50,67,80,15,85,63,60,77,75,61,58,58,73,69,92,68,35,59,83,73,64,78,51,57,55,13,80,91,43,80,54,56,38,65,3.19B,7056.61
25/03/2018,59.5,47,66,74,30,24,57,19,45,75,80,57,40,49,65,27,62,73,44,56,66,52,72,48,58,71,29,68,76,71,72,61,88,40,84,29,71,59,79,19,68,82,44,67,61,75,55,36,38,74,88,26,74,55,37,15,38,33,53,23,69,53,72,91,43,60,85,14,85,58,76,70,75,60,60,54,71,73,94,62,42,51,89,65,68,82,49,58,57,8,83,92,56,86,57,56,67,60,-,7183.64
01/04/2018,58.2,57,72,67,30,53,55,8,43,79,77,43,38,43,67,33,53,68,37,55,60,50,69,51,51,56,25,59,77,72,63,55,85,42,80,29,71,59,84,20,68,81,50,67,61,71,56,26,38,74,90,26,77,54,36,14,39,34,59,24,61,44,80,91,39,56,84,13,80,48,77,69,75,59,66,52,73,65,92,63,40,51,87,65,67,79,49,61,51,14,84,93,60,86,60,48,52,61,3.62B,7264.56
08/04/2018,60.5,55,76,70,29,25,60,17,46,84,86,54,43,45,64,28,60,65,43,50,72,68,82,57,45,61,29,68,73,75,77,77,90,43,88,38,80,64,85,16,70,90,35,74,61,69,58,30,45,77,88,29,84,55,37,15,39,48,61,22,66,46,85,89,58,61,81,13,82,54,63,74,72,58,66,52,73,68,88,63,34,52,87,73,66,78,58,49,50,24,78,87,59,81,54,76,55,62,4.13B,7368.17
15/04/2018,69.5,53,78,83,28,21,64,16,44,85,94,79,43,75,67,21,63,62,57,54,84,65,92,58,48,82,31,67,70,73,82,90,88,49,92,39,79,60,87,15,73,87,32,78,61,67,70,24,50,70,82,29,83,48,39,15,38,56,58,21,67,49,86,88,50,61,78,14,80,60,62,76,71,64,56,52,77,64,88,62,30,60,78,72,62,85,52,64,52,50,76,79,83,75,44,51,49,61,4.18B,7502.21
22/04/2018,64.4,54,90,73,30,25,63,17,41,87,93,57,42,72,79,24,61,66,61,56,83,72,87,58,44,79,35,69,75,72,80,73,83,49,90,30,82,65,87,14,77,87,31,85,59,68,71,26,51,74,86,31,91,53,42,16,47,100,58,19,63,48,87,90,52,63,81,13,84,64,67,77,69,60,54,52,72,61,87,61,32,51,81,72,62,77,62,44,54,28,74,80,69,76,47,59,33,59,4.09B,7567.14
29/04/2018,66.2,52,83,73,32,43,66,17,50,90,94,57,44,72,79,18,62,61,63,55,82,63,93,59,49,78,37,75,73,73,82,71,86,42,87,38,81,68,86,15,82,88,33,80,61,66,69,29,45,76,85,30,86,50,43,15,46,88,55,19,65,51,73,90,53,62,81,12,87,63,78,78,72,60,55,52,74,64,92,62,34,56,81,73,65,75,62,59,57,24,77,81,71,82,47,70,34,60,3.47B,7724.55
06/05/2018,80.5,55,68,74,31,25,57,16,42,77,91,59,41,61,63,17,61,59,59,47,83,62,83,53,43,74,33,70,84,70,71,74,90,39,90,32,74,63,86,17,76,78,38,73,61,64,60,30,52,73,83,28,79,51,42,16,51,62,54,20,74,48,71,88,50,57,80,16,84,58,93,76,74,59,53,60,83,61,93,62,32,55,80,64,63,71,61,59,56,11,74,74,92,88,48,57,53,57,4.52B,7778.79
13/05/2018,79.1,58,62,73,27,23,62,17,46,82,92,67,44,57,61,17,61,65,65,49,83,69,88,56,41,94,34,71,69,73,81,83,88,40,91,32,78,65,86,13,77,83,38,79,60,65,64,47,44,71,84,28,78,47,42,20,58,44,52,25,65,46,75,89,48,58,81,17,85,66,64,83,72,60,59,71,76,60,88,62,35,53,77,71,69,71,49,57,65,33,71,72,76,81,45,55,32,59,4.26B,7730.28
20/05/2018,83,59,61,70,29,21,62,19,42,82,88,61,41,55,59,18,59,68,57,49,76,49,81,51,40,73,34,66,70,77,76,97,84,44,87,39,79,66,80,15,72,82,35,79,57,67,65,32,43,73,85,29,74,49,42,19,41,38,52,24,60,53,75,90,44,58,83,13,84,59,75,74,82,62,59,59,81,60,93,64,33,58,80,73,71,71,51,55,57,8,73,72,83,87,45,50,56,59,4.68B,7701.77
27/05/2018,95,52,58,51,31,30,70,17,43,71,82,49,43,51,59,18,60,65,56,53,61,45,67,46,40,66,27,56,74,64,65,55,83,40,86,26,73,64,86,15,74,76,35,65,62,67,48,26,38,74,90,28,68,54,38,24,41,36,54,34,59,52,67,92,38,56,84,15,88,46,91,66,81,57,60,51,81,60,100,67,32,57,89,62,68,69,46,51,50,21,75,78,81,90,52,57,24,56,4.48B,7681.07
03/06/2018,100,50,57,58,32,30,66,16,45,82,85,53,42,60,57,17,62,69,69,53,72,56,78,51,50,81,30,69,69,68,76,53,83,45,88,21,80,67,86,16,68,82,31,78,62,66,67,28,47,74,88,28,72,49,40,29,43,33,56,21,61,49,64,95,43,59,83,13,88,59,62,74,80,58,59,51,82,63,93,69,32,57,84,70,67,74,52,55,52,11,74,79,73,86,47,52,52,60,5.35B,7633.91
10/06/2018,91,41,55,65,28,23,66,16,38,78,83,47,39,61,55,17,60,60,64,49,67,62,76,46,41,68,32,53,68,66,70,52,86,45,82,25,74,66,85,14,78,82,43,68,65,63,61,29,43,72,89,29,72,48,43,63,43,32,52,22,58,50,64,90,39,60,83,13,87,52,61,73,76,62,58,46,79,57,89,68,35,52,85,71,67,74,52,53,56,8,74,75,69,82,44,59,37,58,4.02B,7682.27
17/06/2018,88.1,43,55,53,30,20,59,13,38,76,78,53,38,39,56,20,54,53,38,47,67,76,72,47,51,62,26,53,69,64,70,50,88,42,83,42,72,66,81,16,67,82,37,77,63,62,53,30,38,77,86,30,69,51,36,89,39,30,53,18,60,46,60,88,40,57,79,13,87,55,58,72,78,60,58,47,77,56,88,66,40,54,82,72,63,73,44,50,57,22,74,75,63,83,44,54,42,58,5.37B,7636.93
24/06/2018,88.2,40,60,46,27,20,56,14,36,73,73,60,34,36,61,19,52,53,34,46,64,78,73,49,47,55,24,55,68,63,61,47,84,39,82,58,70,63,82,17,80,78,30,71,60,57,52,25,38,68,81,30,67,48,34,97,34,27,53,25,55,46,61,87,40,54,78,12,82,52,60,69,80,55,55,55,98,56,90,64,32,52,79,67,63,68,50,49,49,22,77,68,77,83,41,39,43,53,3.76B,7617.7
01/07/2018,79.2,38,51,46,28,42,54,11,39,68,69,46,33,34,62,16,48,53,31,41,61,59,69,45,37,53,22,56,67,62,62,43,81,37,75,52,68,65,78,15,72,80,25,67,59,62,49,26,40,68,81,32,65,52,35,100,35,25,53,24,54,47,67,86,35,52,77,12,83,49,61,69,80,56,52,47,100,55,90,64,32,53,77,71,61,68,50,47,45,17,92,70,68,81,43,51,32,55,3.60B,7661.87
08/07/2018,76.1,38,58,44,29,18,54,11,36,72,71,51,32,37,58,17,51,57,26,43,56,70,66,45,32,52,30,55,67,63,59,39,77,40,78,26,66,67,78,15,69,80,31,70,57,63,48,26,34,73,85,31,64,56,36,62,38,28,53,24,57,48,100,86,35,54,81,16,85,50,66,68,79,56,53,45,90,56,89,65,32,55,80,67,66,65,46,52,54,8,94,72,63,82,46,48,28,56,3.45B,7678.79
15/07/2018,77.2,42,76,52,32,20,72,15,43,77,75,46,32,37,61,15,52,61,29,51,59,83,70,49,37,49,31,61,71,67,66,43,83,42,82,34,68,69,81,17,70,85,35,68,59,66,49,26,39,76,87,34,68,58,37,28,41,28,57,21,61,48,69,91,34,57,85,12,88,48,73,70,81,62,60,47,91,57,92,70,34,62,91,74,69,74,54,57,50,21,81,80,62,87,50,38,28,58,3.56B,7701.31
22/07/2018,74.1,43,82,49,33,19,58,14,39,77,71,50,32,32,63,14,52,74,27,52,57,85,66,48,49,50,27,62,73,65,59,36,80,41,82,34,65,67,78,16,74,84,46,63,57,65,44,24,34,76,91,29,67,73,33,15,38,28,55,25,62,54,71,92,35,53,85,13,84,48,73,67,88,59,59,48,98,55,94,69,31,54,93,70,69,66,50,47,39,19,78,81,63,88,49,43,28,62,4.41B,7659.1
29/07/2018,70.7,61,77,52,35,41,64,15,44,80,74,54,32,35,64,16,54,74,27,57,64,90,62,49,54,47,22,59,77,69,66,37,80,41,86,42,72,76,78,17,78,88,42,66,60,63,45,34,35,79,96,32,76,65,35,14,49,33,59,25,62,47,71,94,36,54,89,12,90,55,75,68,87,59,61,53,89,58,96,71,33,64,95,75,71,67,57,50,40,8,79,86,57,88,53,52,46,61,3.42B,7667.01
05/08/2018,73.1,53,65,51,37,23,60,15,43,79,77,50,34,33,55,14,57,64,26,55,59,77,64,44,59,48,21,68,77,68,64,40,81,44,83,65,74,72,77,18,78,85,47,73,57,60,42,29,37,75,96,31,71,58,36,14,41,30,55,23,55,50,69,99,32,55,91,14,85,51,73,69,85,58,61,49,87,57,94,69,33,58,97,75,71,66,57,48,45,21,78,88,58,88,52,54,49,58,3.81B,7558.59
12/08/2018,69.6,48,64,62,40,22,61,8,40,83,76,48,40,44,58,15,55,65,41,56,60,67,67,44,37,52,26,62,76,75,66,40,82,45,78,47,71,71,79,16,66,87,31,71,58,65,46,28,40,76,99,32,71,60,35,14,51,30,57,26,58,48,85,97,34,58,88,14,89,52,72,70,85,59,63,50,77,62,94,69,35,62,97,69,73,69,60,56,45,0,81,90,51,85,56,61,39,60,2.88B,7577.49
19/08/2018,71.4,45,64,54,42,22,64,13,44,80,79,48,37,35,61,14,56,65,36,57,63,53,64,46,41,50,26,73,75,77,60,42,83,47,88,53,75,71,80,17,73,86,34,66,57,61,43,25,38,73,95,31,73,61,35,13,56,31,56,24,59,47,71,94,35,58,87,15,90,50,81,68,83,63,60,48,74,59,92,66,34,51,96,73,70,67,62,53,45,8,80,91,51,82,54,51,18,57,2.79B,7432.42
26/08/2018,69.7,45,57,57,45,24,59,12,39,77,78,40,35,35,62,14,58,66,33,60,52,51,61,43,49,47,22,67,76,73,60,42,81,42,81,37,74,68,75,16,72,80,35,65,61,62,41,30,34,73,95,31,71,55,36,14,52,34,58,25,68,44,70,91,34,55,89,14,90,47,90,64,82,63,61,52,72,53,93,64,35,54,98,67,72,66,75,48,46,13,82,92,49,83,57,44,54,57,3.57B,7277.7
02/09/2018,71.5,47,56,59,45,50,66,16,44,91,82,46,37,42,65,14,62,71,44,57,67,53,70,50,53,57,36,64,74,83,69,49,82,41,80,35,82,75,79,17,77,83,32,74,63,63,52,25,40,73,91,30,77,53,40,13,60,34,56,21,61,48,68,91,43,67,85,12,88,46,53,75,77,65,58,52,70,69,91,63,34,52,91,76,67,68,92,55,50,0,80,88,47,76,52,53,46,60,3.36B,7304.04
09/09/2018,65.3,43,60,71,49,25,64,10,42,86,86,54,43,55,60,14,72,72,54,57,71,52,76,47,84,74,34,59,74,89,68,53,84,44,75,47,83,74,76,16,72,86,38,80,64,66,53,34,49,72,92,31,79,53,44,14,73,32,51,24,59,48,69,94,46,72,84,14,90,53,50,77,77,60,57,50,68,63,88,62,33,58,91,73,69,71,53,65,56,8,79,89,45,75,51,44,46,58,4.59B,7490.23
16/09/2018,61.5,48,61,68,49,25,68,14,44,88,87,50,42,54,65,14,68,70,57,60,73,51,78,49,47,79,35,66,73,91,72,55,84,41,77,49,85,73,76,17,75,88,45,78,64,62,57,41,51,69,94,36,80,58,46,13,85,30,54,19,57,54,75,93,51,69,87,14,91,56,48,77,81,63,58,49,69,62,84,61,32,57,91,73,70,70,53,63,54,8,81,90,43,76,49,39,28,59,3.81B,7510.2
23/09/2018,59.6,52,69,64,48,29,69,19,44,90,85,66,44,44,67,13,62,67,60,58,76,62,75,52,49,80,38,63,75,84,72,56,86,52,76,42,85,74,76,15,78,87,30,77,62,60,58,37,47,70,90,31,85,57,46,13,71,30,56,19,59,47,71,93,43,68,85,14,90,58,45,78,79,63,58,49,69,61,84,58,34,52,92,75,69,73,53,57,57,8,79,90,41,74,49,58,25,59,4.02B,7318.54
30/09/2018,56.5,45,59,59,53,46,68,21,42,91,86,65,41,53,68,14,68,67,63,60,78,46,81,51,50,76,38,68,71,76,73,57,85,41,78,39,86,75,75,18,74,87,48,74,61,57,61,31,53,70,90,29,84,54,48,13,59,28,56,19,57,47,71,89,46,70,84,13,89,57,44,80,78,60,56,56,68,66,84,56,33,52,90,74,72,75,52,48,53,8,80,90,41,77,50,58,49,59,4.66B,6995.91
07/10/2018,55.2,47,61,64,60,29,64,21,44,94,89,97,45,55,62,37,65,75,61,55,76,42,88,51,82,80,37,61,73,72,68,64,84,43,74,63,86,77,83,36,68,84,62,76,60,58,71,58,53,69,90,30,82,63,47,13,52,29,54,26,57,49,77,91,45,68,83,12,90,56,43,100,78,61,59,53,67,66,82,56,33,59,90,72,73,78,56,51,60,8,80,91,40,74,52,60,35,60,3.66B,7049.8
14/10/2018,56.6,40,73,78,60,29,66,20,40,94,88,75,46,61,64,30,66,77,57,60,87,66,86,54,73,77,36,79,74,72,71,63,86,44,81,35,86,78,80,22,85,83,51,76,63,60,68,33,44,69,91,31,82,63,47,13,49,31,54,27,62,46,81,98,47,66,85,14,92,59,43,78,81,63,61,50,67,68,83,55,34,54,89,75,74,72,54,55,55,8,81,95,41,76,53,50,25,63,4.28B,6939.56
21/10/2018,52.4,46,80,57,61,24,68,19,45,96,82,71,43,46,65,36,64,74,47,57,78,65,78,53,81,66,34,74,75,68,73,62,88,41,84,37,82,76,72,25,77,83,70,75,62,56,57,32,44,70,93,31,78,61,46,13,47,30,57,34,57,44,75,100,45,65,85,14,91,51,41,73,83,58,60,46,66,85,82,51,32,55,91,74,74,75,47,56,54,8,82,96,42,80,56,46,68,63,4.38B,7094.12
28/10/2018,52.5,54,80,64,67,43,71,15,52,95,91,68,45,54,70,31,67,73,53,57,74,62,81,52,87,69,36,73,75,65,72,58,90,40,76,37,88,77,70,22,71,83,54,77,62,56,63,44,44,69,100,34,80,60,53,13,45,32,56,78,61,45,94,97,48,63,87,13,89,53,38,75,77,59,62,47,66,66,82,50,36,53,90,70,72,66,49,53,57,21,81,93,38,76,53,52,27,59,3.31B,7105.34
04/11/2018,48.5,45,68,61,82,32,65,18,47,92,94,71,48,58,64,25,61,68,56,52,85,64,86,52,73,83,44,79,79,64,75,65,91,45,81,45,87,79,74,18,69,81,61,84,65,56,66,37,46,70,96,34,78,59,58,14,47,54,55,24,65,47,81,96,59,68,83,14,90,59,36,77,74,60,65,46,64,68,79,50,37,54,89,75,74,74,56,54,59,16,83,93,38,74,50,51,58,61,5.10B,7013.88
11/11/2018,50.6,47,60,69,92,27,68,16,43,88,90,78,49,71,61,26,62,63,54,51,79,60,85,54,69,88,44,70,78,62,74,65,100,42,83,41,86,78,71,19,77,82,52,78,64,57,68,48,46,72,92,37,76,58,65,15,45,53,55,24,63,45,89,90,52,64,83,17,90,54,34,77,73,60,66,48,64,65,76,48,32,58,86,77,77,72,49,62,54,12,83,93,38,69,50,61,59,59,4.01B,6952.86
18/11/2018,51.3,43,58,63,96,25,63,21,39,83,85,58,48,58,59,26,65,64,51,47,76,62,86,51,77,79,35,73,77,59,73,63,92,42,75,40,90,78,66,20,74,78,38,76,66,52,63,52,45,67,88,40,74,61,71,14,44,29,55,36,59,48,72,89,47,61,87,13,90,57,33,73,73,59,73,44,64,59,74,47,33,51,83,77,87,74,46,51,57,12,87,90,38,71,46,46,20,58,4.53B,6980.24
25/11/2018,45.5,44,63,65,94,28,63,24,40,84,85,67,54,61,63,25,70,65,57,55,83,60,82,53,66,80,34,73,81,58,72,67,88,41,76,61,92,80,73,19,81,78,49,81,70,52,64,50,48,70,87,52,76,57,82,12,44,28,60,22,57,52,68,87,44,62,87,14,93,57,33,72,76,60,75,44,65,62,74,48,32,58,85,78,89,75,46,50,54,16,86,88,40,73,50,55,37,59,4.46B,6778.11
02/12/2018,41.5,44,67,65,92,49,63,21,37,85,83,68,56,56,64,37,66,63,54,60,80,58,80,50,78,84,39,67,78,58,73,63,84,42,71,49,87,80,75,23,80,76,67,77,70,48,66,65,45,70,86,51,73,55,94,11,41,29,58,21,55,50,70,85,43,61,84,13,92,51,32,72,75,61,73,46,62,61,72,46,33,59,84,72,87,74,48,63,56,8,84,80,40,72,50,51,48,58,4.35B,6845.17
09/12/2018,43.4,43,61,65,78,24,61,22,38,79,80,68,64,62,64,32,61,63,46,45,72,44,82,49,63,78,46,67,82,55,64,65,82,39,69,43,79,81,71,19,80,72,51,74,70,49,58,56,42,68,80,55,70,64,99,12,44,28,59,20,53,51,90,86,43,59,86,12,96,47,34,69,76,62,74,46,63,59,73,46,34,57,85,73,87,69,48,59,55,9,88,78,38,74,52,55,51,58,4.97B,6721.17
16/12/2018,42.7,40,63,59,64,20,53,11,38,67,70,53,58,38,69,43,54,66,33,42,69,42,68,42,75,64,31,58,92,51,61,47,80,53,66,53,71,81,63,23,74,69,52,63,65,44,49,55,38,67,81,66,64,61,94,12,39,24,57,22,49,50,94,86,35,52,89,13,100,36,38,64,75,59,71,43,62,61,71,46,38,48,87,66,89,63,51,57,52,9,90,77,36,71,56,47,56,54,1.32B,6733.97
23/12/2018,41.6,29,45,36,33,20,37,15,25,45,54,23,42,24,50,52,44,60,21,44,40,29,37,22,71,30,18,56,68,40,34,28,73,34,70,30,47,56,64,32,41,44,64,44,95,46,24,65,18,63,86,100,47,51,49,14,42,33,57,24,44,35,88,79,25,36,82,14,86,28,54,45,69,47,72,47,58,50,74,46,53,41,86,49,100,57,49,58,58,10,95,84,36,68,79,44,37,51,2.22B,6837.42
30/12/2018,46.8,44,59,52,26,45,55,12,37,64,75,50,36,40,57,36,63,74,30,52,60,34,56,37,62,65,24,71,73,60,52,44,84,38,84,51,74,72,91,21,53,71,54,64,71,53,40,35,34,73,94,81,65,51,34,16,41,31,70,21,63,39,79,88,33,51,85,15,93,41,69,67,74,54,68,61,68,59,85,61,94,60,92,59,83,66,51,53,49,0,85,100,37,73,69,61,47,56,3.65B,6918.18
06/01/2019,47.5,58,72,68,28,32,74,17,51,90,92,60,43,60,58,34,89,73,51,70,83,54,82,56,61,71,33,72,73,69,81,61,88,43,98,38,100,88,96,19,66,90,53,81,60,63,61,30,43,75,91,57,78,55,39,15,45,31,77,24,61,46,71,91,45,68,83,16,93,60,66,86,67,61,61,62,75,67,89,68,32,66,83,76,76,80,53,56,54,8,83,98,34,72,54,70,34,57,3.65B,6968.33
13/01/2019,46.9,57,77,72,29,28,76,20,51,93,88,61,43,62,58,28,76,71,53,62,84,58,88,59,59,77,48,80,72,66,84,66,86,44,90,35,91,87,91,21,74,88,60,77,61,62,68,29,43,75,90,47,76,55,39,14,43,27,71,28,62,50,93,91,48,70,82,13,91,53,63,82,66,62,59,61,70,65,89,65,32,66,83,76,77,75,48,59,58,24,85,99,37,74,52,57,43,61,3.11B,6809.22
20/01/2019,48.6,57,74,71,26,28,70,20,54,89,89,60,44,67,60,27,71,69,52,58,79,66,91,63,49,78,33,68,72,65,74,62,88,43,90,27,93,85,88,17,76,88,34,74,62,62,62,35,41,75,95,42,76,56,41,14,44,26,78,32,60,52,84,88,44,67,80,15,91,51,54,80,67,62,58,60,72,69,89,66,32,69,88,74,75,71,53,89,52,16,82,100,37,76,54,73,33,61,3.70B,7020.22
27/01/2019,43.5,61,89,65,25,36,68,19,56,85,88,64,40,54,64,24,64,69,47,60,81,49,83,62,64,77,33,74,72,65,78,64,87,45,84,44,91,85,81,15,74,86,60,76,58,59,64,29,44,72,86,38,75,62,42,13,43,25,81,21,57,75,76,84,39,67,81,15,88,51,48,77,73,57,57,56,70,67,86,66,32,69,80,68,71,76,46,70,51,8,80,93,35,72,53,57,33,59,3.15B,7071.18
03/02/2019,49.5,54,74,69,27,39,75,17,43,96,92,64,45,58,65,23,71,78,52,64,82,55,90,52,64,82,30,75,74,69,82,64,89,100,87,62,97,92,87,18,76,89,63,79,62,62,62,28,39,74,94,36,77,55,44,14,44,25,57,28,62,49,82,90,45,66,85,18,95,58,50,82,71,62,60,60,73,75,90,60,37,68,92,78,80,76,48,65,53,12,83,100,37,77,54,54,57,63,2.93B,7236.68
10/02/2019,51.4,57,71,77,27,27,70,16,46,86,90,72,43,58,67,24,61,73,47,62,76,55,83,49,58,77,31,70,76,66,78,65,86,58,89,62,90,90,80,16,75,89,47,72,60,60,64,58,100,72,91,32,76,57,41,13,44,26,54,24,60,44,76,90,41,64,81,14,92,54,49,79,72,61,58,60,71,69,90,58,50,64,100,75,77,73,49,63,54,8,81,97,43,78,55,63,52,61,3.47B,7178.6
17/02/2019,57.2,69,64,66,27,24,65,14,46,86,86,68,39,53,66,21,56,72,39,61,71,55,79,49,47,64,42,73,79,66,76,58,88,43,82,56,82,88,80,14,72,87,62,69,61,60,55,35,59,71,92,32,73,52,36,14,47,25,58,20,58,44,82,92,39,63,82,13,88,46,52,75,77,60,57,66,72,64,91,59,36,67,91,74,75,67,53,59,51,24,83,97,51,83,54,54,41,64,4.19B,7106.73
24/02/2019,60.6,58,69,67,25,47,66,14,45,87,89,59,42,65,68,20,59,68,48,59,84,50,89,54,60,80,33,81,80,70,71,77,87,42,89,48,93,93,83,15,66,88,55,76,60,58,67,28,44,73,88,29,78,47,40,15,41,27,53,20,59,45,82,85,45,62,80,12,89,57,50,79,70,60,58,56,70,64,91,58,35,61,83,72,70,66,53,51,56,20,79,90,54,72,47,56,41,63,3.64B,7104.31
03/03/2019,57.3,56,69,64,26,40,68,13,42,94,94,60,40,57,58,21,61,73,50,63,83,67,90,51,52,77,34,76,80,69,74,72,85,43,91,33,94,88,82,15,73,86,63,81,58,58,66,30,50,71,90,32,79,49,42,17,44,24,55,18,61,47,75,86,47,65,79,13,90,57,50,80,70,59,61,55,71,74,88,58,36,65,84,72,70,70,51,56,55,11,82,92,46,72,47,55,47,62,4.43B,7228.28
10/03/2019,51.5,58,62,68,25,26,62,18,41,84,90,54,43,62,54,19,58,67,49,59,87,56,87,48,52,76,42,73,83,68,73,69,81,44,85,40,90,86,79,14,73,84,58,80,60,53,77,24,45,74,88,31,79,57,41,13,43,23,53,38,62,49,96,85,43,59,78,15,87,57,49,77,68,58,79,51,68,69,83,58,31,63,88,73,69,70,51,47,56,8,77,91,45,75,44,66,37,61,3.50B,7207.59
17/03/2019,61.6,57,70,75,28,26,69,13,45,88,91,51,47,62,54,19,60,73,51,59,79,58,88,53,56,80,42,71,82,70,73,69,85,46,90,44,88,88,83,15,70,85,51,83,62,55,67,35,45,73,89,33,80,50,42,14,42,24,53,20,66,45,95,91,46,61,80,12,92,57,53,81,70,60,60,51,73,71,88,58,36,59,90,74,73,75,54,55,66,12,82,91,54,77,49,63,57,63,3.36B,7279.19
24/03/2019,70.8,55,65,74,27,25,69,19,46,89,92,66,45,52,57,19,57,69,50,58,72,57,86,48,61,78,45,71,82,72,72,70,86,43,86,54,89,89,83,16,77,86,48,76,62,57,63,31,45,74,90,31,77,51,44,13,41,23,52,22,62,45,89,90,44,61,80,12,93,54,53,77,69,60,61,52,74,69,92,58,35,66,92,72,72,73,51,49,68,8,82,87,71,77,47,54,31,61,3.77B,7446.87
31/03/2019,61.7,67,72,71,27,41,68,16,41,89,88,61,40,52,51,18,62,77,44,58,76,69,90,53,59,74,38,70,86,70,73,61,86,42,85,57,86,97,78,15,72,83,70,74,59,52,63,24,43,76,85,33,80,51,41,12,41,25,62,19,65,46,72,88,41,59,78,13,89,54,56,79,68,59,57,50,71,71,90,58,46,69,87,71,70,72,49,55,54,12,80,85,63,82,47,57,48,63,3.22B,7437.06
07/04/2019,66.3,63,74,65,29,26,67,17,46,91,85,48,38,53,47,18,59,76,42,57,71,56,86,52,61,61,32,72,86,72,74,61,92,44,88,33,79,95,83,15,78,83,58,70,62,54,55,23,37,73,91,35,77,52,37,13,39,24,65,19,58,42,65,88,39,57,81,13,92,57,63,76,75,59,56,50,73,68,92,62,32,64,89,68,71,66,57,49,48,8,83,92,70,91,49,73,100,65,2.37B,7459.88
14/04/2019,74.2,52,74,61,29,19,57,12,40,75,80,43,37,49,47,15,49,72,36,49,66,51,71,46,47,66,25,78,83,65,60,49,92,59,86,40,72,87,77,13,62,76,58,60,64,50,54,25,36,73,87,38,68,49,33,13,38,28,59,23,55,42,68,87,39,49,79,15,93,44,75,67,75,54,55,47,77,60,91,55,37,65,88,71,69,65,48,48,58,9,81,84,90,93,48,56,33,59,3.06B,7428.19
21/04/2019,78.4,50,87,61,30,24,62,14,45,77,86,58,39,56,51,15,54,73,45,53,73,51,78,51,50,67,28,70,77,69,60,65,90,60,90,31,80,90,83,15,57,79,49,68,65,54,65,23,38,73,88,35,72,50,39,13,39,34,58,18,59,46,64,86,42,58,79,13,90,54,78,69,69,56,56,49,81,61,91,60,38,82,83,67,67,69,56,51,78,11,81,83,90,83,50,51,38,59,2.74B,7380.64
28/04/2019,74.3,59,94,68,29,43,68,13,46,88,93,53,41,56,54,16,58,68,55,56,84,67,92,57,60,79,36,75,74,72,76,64,87,41,85,35,87,95,87,15,71,85,65,75,63,55,75,24,46,77,85,36,77,49,42,14,42,30,60,18,59,49,66,84,41,60,79,12,89,58,72,80,69,58,56,50,75,64,92,61,31,73,83,71,66,74,63,52,59,11,80,85,68,77,56,57,40,63,3.26B,7203.29
05/05/2019,76.2,57,72,67,31,27,60,14,39,85,89,64,39,56,45,26,56,72,54,50,74,55,82,47,63,74,31,67,72,65,71,70,85,40,86,36,82,89,83,17,74,77,65,74,60,51,64,24,44,73,87,35,81,48,42,14,43,30,56,22,58,46,78,86,41,59,79,13,94,55,88,76,70,59,55,50,74,69,88,60,31,61,82,64,67,70,59,52,56,8,81,88,69,84,53,61,58,63,3.82B,7348.62
12/05/2019,84.1,60,69,64,29,23,67,17,36,84,89,59,42,63,46,28,59,70,67,59,76,61,86,51,54,77,33,69,71,70,76,77,86,40,90,34,85,92,86,18,74,81,51,80,62,53,69,25,45,73,86,35,100,48,42,13,55,26,58,25,61,47,65,85,46,57,76,14,92,56,62,86,71,59,55,52,79,65,89,63,32,63,82,74,67,70,54,53,60,0,78,81,79,79,44,57,38,64,3.83B,7277.73
19/05/2019,92,58,63,70,31,22,69,17,42,77,85,65,40,57,48,20,55,67,75,54,76,59,80,49,58,73,44,72,79,70,73,100,84,37,86,33,84,91,84,16,73,80,43,73,64,54,65,15,47,77,90,36,94,47,38,14,44,25,58,21,56,48,75,87,42,55,80,14,91,56,75,75,73,57,56,47,80,63,89,64,30,65,84,69,68,66,62,60,55,27,78,82,100,82,46,47,44,60,3.39B,7161.71
26/05/2019,88.3,46,59,52,31,25,57,13,35,75,77,51,38,39,53,20,48,63,36,50,60,54,69,44,47,60,36,64,78,64,65,50,82,39,83,20,74,83,78,13,67,75,30,61,63,50,53,25,39,72,92,35,84,50,35,17,40,24,55,21,59,45,72,89,36,55,82,14,91,43,88,65,77,55,60,48,78,55,93,63,30,56,89,66,71,63,55,61,54,100,78,83,84,88,49,46,40,58,3.61B,7331.94
02/06/2019,81.4,50,62,56,31,52,66,11,40,86,85,60,41,50,54,21,54,73,51,58,68,62,79,48,55,70,34,62,79,66,71,58,82,42,87,29,83,91,87,15,71,78,49,70,60,50,71,26,40,74,91,34,82,49,41,22,44,30,55,26,59,49,64,86,38,58,81,14,91,54,61,72,69,58,57,50,78,61,89,64,32,62,83,69,70,73,50,56,53,92,77,81,65,81,45,52,42,63,3.23B,7345.78
09/06/2019,78.5,50,61,59,28,24,61,15,38,87,83,56,46,48,54,20,52,71,39,61,64,55,82,47,53,70,35,67,84,65,72,55,85,40,83,42,84,97,83,15,74,80,40,71,66,53,74,29,42,73,90,36,78,49,42,24,44,26,55,24,59,52,60,86,40,62,83,14,94,53,62,73,72,58,60,47,82,62,87,66,34,73,88,75,78,70,52,53,52,44,79,85,59,80,45,56,46,62,4.34B,7407.5
16/06/2019,90,48,62,53,30,21,64,10,41,85,78,46,39,44,55,19,53,69,36,54,62,51,78,43,53,68,37,62,89,67,69,54,84,49,87,36,84,92,84,17,70,83,50,69,65,54,62,22,38,73,93,36,73,51,38,26,43,25,55,25,61,50,69,89,37,59,82,14,93,55,62,74,76,56,64,46,77,63,91,65,39,62,86,70,72,64,51,54,50,43,79,82,62,82,44,54,61,62,3.34B,7425.63
23/06/2019,90.1,47,60,53,29,21,62,10,43,84,78,43,33,42,56,20,49,65,37,54,65,63,76,45,52,64,29,57,92,67,65,48,83,39,89,35,80,91,86,14,79,80,37,66,64,52,58,15,43,75,88,34,73,51,38,29,40,23,56,24,54,51,67,89,38,56,78,14,93,49,63,71,77,55,62,45,87,60,95,65,31,63,84,67,70,61,46,52,47,40,80,79,71,80,44,57,38,61,2.97B,7553.14
30/06/2019,91.1,49,68,57,30,38,66,14,43,83,80,46,35,40,50,20,51,64,30,58,64,56,73,48,43,56,25,61,82,67,66,51,84,41,86,33,80,97,82,16,77,84,40,71,64,53,58,17,32,80,89,38,72,56,39,29,35,21,58,22,56,47,63,89,37,56,81,14,90,43,67,69,77,60,61,48,86,62,96,66,31,58,84,65,70,66,52,57,48,27,86,80,71,83,43,56,48,60,2.80B,7505.97
07/07/2019,91.2,50,76,54,31,24,66,17,47,88,75,61,34,38,46,19,49,69,30,62,62,56,73,50,46,50,27,61,84,66,63,40,84,48,86,48,80,95,82,14,75,82,37,65,64,56,57,21,35,87,89,36,71,52,40,23,45,22,56,21,65,47,62,89,37,60,82,17,92,47,70,70,76,59,60,51,85,66,95,68,31,61,87,68,69,68,53,50,49,16,87,84,66,84,47,56,37,64,2.83B,7508.7
14/07/2019,87.1,45,72,59,30,20,63,11,43,84,74,45,36,34,44,19,46,68,26,56,57,56,69,44,52,53,27,64,81,65,58,45,83,44,80,28,76,95,81,14,76,80,38,66,59,52,52,22,39,85,89,35,68,54,37,23,41,22,56,31,59,49,64,88,35,56,81,13,91,45,70,68,75,57,60,48,82,60,94,67,31,63,88,65,76,62,50,54,45,21,85,85,63,82,51,49,37,63,3.29B,7549.06
21/07/2019,84.2,46,83,54,30,19,58,11,37,75,67,36,33,35,45,16,47,60,25,51,54,60,64,42,50,45,32,56,79,61,63,42,78,41,85,36,72,91,77,14,72,75,38,55,60,48,54,21,28,85,91,32,64,76,32,13,38,23,54,19,53,54,70,89,33,50,79,12,88,39,70,60,83,55,57,45,96,57,94,66,29,55,90,63,67,59,51,56,40,14,84,83,65,82,51,49,45,58,4.66B,7407.06
28/07/2019,83.1,64,76,53,33,38,64,7,39,76,76,100,34,39,47,20,50,72,26,54,55,38,62,42,50,48,26,60,78,66,61,40,81,56,86,31,77,98,80,17,68,86,43,61,60,52,59,27,34,85,97,33,70,73,36,13,37,23,58,21,56,49,61,91,34,54,85,14,91,43,75,65,80,55,63,47,84,59,99,71,31,70,97,62,74,64,57,50,44,22,84,90,60,85,51,50,52,61,4.42B,7253.85
04/08/2019,86.1,56,63,51,35,25,60,15,39,79,73,51,34,37,43,35,50,69,24,55,58,44,63,39,100,50,23,54,75,65,60,36,81,41,80,53,77,97,83,21,72,80,50,57,60,51,52,21,34,80,100,33,68,61,34,13,38,22,55,20,56,51,60,89,31,55,85,15,92,42,73,64,80,56,64,47,84,56,96,69,31,66,99,65,72,64,53,48,42,19,84,89,56,85,52,46,34,62,3.55B,7117.15
11/08/2019,80.6,50,62,56,43,23,67,12,41,84,75,46,36,40,46,38,52,69,42,61,57,64,69,45,62,52,27,56,79,74,60,41,84,46,74,53,81,95,78,22,79,83,51,62,63,53,52,27,33,78,100,35,71,57,36,14,40,24,56,20,59,51,65,93,33,55,86,14,93,50,74,66,81,58,66,49,87,59,94,69,32,63,97,69,73,65,58,51,44,21,87,95,51,87,57,53,44,61,3.28B,7094.98
18/08/2019,90.2,45,60,51,39,22,64,10,39,77,75,56,36,32,46,29,52,67,38,51,62,53,66,43,56,50,25,61,87,76,62,52,84,47,85,41,78,97,77,14,70,82,43,60,65,51,49,26,35,78,94,33,73,58,34,13,38,23,56,20,64,45,62,94,35,55,88,14,98,45,84,66,83,58,62,48,88,61,95,65,30,61,96,68,73,65,56,55,42,22,84,91,56,88,55,97,45,59,2.89B,7207.18
25/08/2019,90.3,46,64,50,40,23,63,8,37,76,74,39,36,33,47,27,53,65,34,52,57,45,65,40,48,48,29,61,84,76,58,39,85,41,82,48,75,92,78,17,70,76,40,65,62,51,49,27,32,80,95,31,72,54,34,13,38,23,56,34,64,47,63,92,36,52,85,14,96,44,92,64,80,60,65,51,91,59,94,64,30,55,96,64,74,60,73,62,43,20,83,87,61,83,52,77,41,59,3.20B,7282.34
01/09/2019,76.3,53,62,56,42,48,64,13,41,84,83,48,38,43,46,21,55,65,44,53,61,53,75,46,44,58,60,69,81,80,70,50,84,40,73,40,86,100,75,17,76,84,57,66,62,52,54,29,36,76,92,32,74,53,39,14,37,26,56,37,60,48,75,90,38,63,87,16,92,54,55,72,72,62,62,47,76,61,94,65,30,69,90,68,72,63,94,54,50,10,84,88,46,76,49,47,26,59,4.38B,7367.46
08/09/2019,77.3,60,56,63,48,25,66,12,37,84,81,45,37,53,49,19,59,68,49,58,74,57,78,46,46,72,44,65,86,83,68,50,84,41,76,39,90,96,73,14,82,82,49,69,62,54,56,39,48,75,94,30,76,56,41,14,39,28,54,21,55,46,61,92,42,66,87,13,94,61,52,76,73,62,61,48,74,65,89,62,29,64,90,68,73,66,61,54,56,18,83,89,46,78,50,44,23,61,4.54B,7344.92
15/09/2019,74.4,51,58,61,47,26,62,16,36,81,84,49,40,47,51,19,57,66,49,56,74,50,78,45,50,71,34,62,89,84,66,55,92,51,74,44,87,93,73,16,80,80,34,69,64,52,65,27,44,75,92,29,78,52,42,20,40,24,52,19,57,46,70,92,50,62,84,13,95,62,52,75,74,58,62,48,73,67,89,62,29,62,90,68,71,68,48,56,58,15,81,90,48,82,47,70,43,61,3.07B,7426.21
22/09/2019,61.8,50,63,50,47,26,67,15,39,79,81,56,40,49,53,17,60,63,56,55,80,64,84,47,50,67,48,54,87,85,65,54,79,39,76,49,85,93,71,15,79,80,49,72,62,51,66,24,42,76,91,30,80,54,44,24,40,24,56,20,59,49,68,89,42,63,81,15,92,66,56,75,73,60,61,46,69,64,83,70,31,58,87,67,72,63,54,61,53,25,81,93,41,75,48,61,22,60,3.36B,7155.38
29/09/2019,59.7,46,64,58,55,44,66,14,38,86,83,62,43,50,57,24,62,64,58,56,74,54,86,43,42,71,40,66,84,76,67,56,82,42,75,57,91,95,74,17,79,84,48,69,63,52,77,27,49,71,92,32,84,51,47,25,37,28,55,23,59,50,57,89,44,68,84,14,94,67,47,79,71,60,62,47,69,65,88,60,31,62,89,67,74,69,46,60,57,30,83,90,40,77,52,49,25,62,4.03B,7247.08
06/10/2019,58.3,47,54,58,57,28,75,16,41,93,87,64,46,59,48,21,64,67,57,56,83,56,89,47,48,77,37,68,87,71,73,66,83,41,79,39,91,95,80,18,75,81,49,73,65,52,71,40,48,74,96,33,80,59,46,22,38,28,56,20,58,48,60,89,47,65,85,14,94,83,47,100,71,60,60,49,71,67,86,69,31,90,95,71,73,70,49,60,60,44,83,93,40,82,56,68,40,68,4.90B,7150.57
